date,SP500,Dividend,Long Interest Rate,Consumer Price Index,PE10
1871-01-01,4.44,0.26,5.32,12.46,0.0
1871-02-01,4.5,0.26,5.32,12.84,0.0
1871-03-01,4.61,0.26,5.33,13.03,0.0
1871-04-01,4.74,0.26,5.33,12.56,0.0
1871-05-01,4.86,0.26,5.33,12.27,0.0
1871-06-01,4.82,0.26,5.34,12.08,0.0
1871-07-01,4.73,0.26,5.34,12.08,0.0
1871-08-01,4.79,0.26,5.34,11.89,0.0
1871-09-01,4.84,0.26,5.35,12.18,0.0
1871-10-01,4.59,0.26,5.35,12.37,0.0
1871-11-01,4.64,0.26,5.35,12.37,0.0
1871-12-01,4.74,0.26,5.36,12.65,0.0
1872-01-01,4.86,0.2633,5.36,12.65,0.0
1872-02-01,4.88,0.2667,5.38,12.65,0.0
1872-03-01,5.04,0.27,5.4,12.84,0.0
1872-04-01,5.18,0.2733,5.42,13.13,0.0
1872-05-01,5.18,0.2767,5.43,13.13,0.0
1872-06-01,5.13,0.28,5.45,13.03,0.0
1872-07-01,5.1,0.2833,5.47,12.84,0.0
1872-08-01,5.04,0.2867,5.49,12.94,0.0
1872-09-01,4.95,0.29,5.51,13.03,0.0
1872-10-01,4.97,0.2933,5.52,12.75,0.0
1872-11-01,4.95,0.2967,5.54,13.13,0.0
1872-12-01,5.07,0.3,5.56,12.94,0.0
1873-01-01,5.11,0.3025,5.58,12.94,0.0
1873-02-01,5.15,0.305,5.57,13.23,0.0
1873-03-01,5.11,0.3075,5.56,13.23,0.0
1873-04-01,5.04,0.31,5.55,13.23,0.0
1873-05-01,5.05,0.3125,5.54,12.94,0.0
1873-06-01,4.98,0.315,5.53,12.56,0.0
1873-07-01,4.97,0.3175,5.53,12.56,0.0
1873-08-01,4.97,0.32,5.52,12.56,0.0
1873-09-01,4.59,0.3225,5.51,12.56,0.0
1873-10-01,4.19,0.325,5.5,12.27,0.0
1873-11-01,4.04,0.3275,5.49,11.89,0.0
1873-12-01,4.42,0.33,5.48,12.18,0.0
1874-01-01,4.66,0.33,5.47,12.37,0.0
1874-02-01,4.8,0.33,5.44,12.37,0.0
1874-03-01,4.73,0.33,5.4,12.37,0.0
1874-04-01,4.6,0.33,5.37,12.18,0.0
1874-05-01,4.48,0.33,5.34,12.08,0.0
1874-06-01,4.46,0.33,5.3,11.8,0.0
1874-07-01,4.46,0.33,5.27,11.89,0.0
1874-08-01,4.47,0.33,5.24,11.8,0.0
1874-09-01,4.54,0.33,5.2,11.8,0.0
1874-10-01,4.53,0.33,5.17,11.61,0.0
1874-11-01,4.57,0.33,5.14,11.51,0.0
1874-12-01,4.54,0.33,5.1,11.51,0.0
1875-01-01,4.54,0.3275,5.07,11.51,0.0
1875-02-01,4.53,0.325,5.03,11.51,0.0
1875-03-01,4.59,0.3225,4.99,11.51,0.0
1875-04-01,4.65,0.32,4.95,11.61,0.0
1875-05-01,4.47,0.3175,4.91,11.32,0.0
1875-06-01,4.38,0.315,4.87,11.13,0.0
1875-07-01,4.39,0.3125,4.83,11.13,0.0
1875-08-01,4.41,0.31,4.79,11.23,0.0
1875-09-01,4.37,0.3075,4.75,11.13,0.0
1875-10-01,4.3,0.305,4.71,11.13,0.0
1875-11-01,4.37,0.3025,4.67,11.04,0.0
1875-12-01,4.37,0.3,4.63,10.94,0.0
1876-01-01,4.46,0.3,4.59,10.85,0.0
1876-02-01,4.52,0.3,4.58,10.85,0.0
1876-03-01,4.51,0.3,4.57,10.85,0.0
1876-04-01,4.34,0.3,4.56,10.75,0.0
1876-05-01,4.18,0.3,4.54,10.37,0.0
1876-06-01,4.15,0.3,4.53,10.09,0.0
1876-07-01,4.1,0.3,4.52,10.09,0.0
1876-08-01,3.93,0.3,4.51,10.18,0.0
1876-09-01,3.69,0.3,4.5,10.28,0.0
1876-10-01,3.67,0.3,4.49,10.47,0.0
1876-11-01,3.6,0.3,4.47,10.56,0.0
1876-12-01,3.58,0.3,4.46,10.75,0.0
1877-01-01,3.55,0.2908,4.45,10.94,0.0
1877-02-01,3.34,0.2817,4.44,10.66,0.0
1877-03-01,3.17,0.2725,4.43,10.18,0.0
1877-04-01,2.94,0.2633,4.42,10.47,0.0
1877-05-01,2.94,0.2542,4.41,10.66,0.0
1877-06-01,2.73,0.245,4.4,10.09,0.0
1877-07-01,2.85,0.2358,4.39,10.18,0.0
1877-08-01,3.05,0.2267,4.39,9.8,0.0
1877-09-01,3.24,0.2175,4.38,9.7,0.0
1877-10-01,3.31,0.2083,4.37,9.7,0.0
1877-11-01,3.26,0.1992,4.36,9.51,0.0
1877-12-01,3.25,0.19,4.35,9.51,0.0
1878-01-01,3.25,0.1892,4.34,9.23,0.0
1878-02-01,3.18,0.1883,4.33,9.13,0.0
1878-03-01,3.24,0.1875,4.32,8.94,0.0
1878-04-01,3.33,0.1867,4.31,8.85,0.0
1878-05-01,3.34,0.1858,4.3,8.56,0.0
1878-06-01,3.41,0.185,4.29,8.37,0.0
1878-07-01,3.48,0.1842,4.28,8.47,0.0
1878-08-01,3.45,0.1833,4.27,8.56,0.0
1878-09-01,3.52,0.1825,4.26,8.56,0.0
1878-10-01,3.48,0.1817,4.25,8.47,0.0
1878-11-01,3.47,0.1808,4.24,8.37,0.0
1878-12-01,3.45,0.18,4.23,8.18,0.0
1879-01-01,3.58,0.1817,4.22,8.28,0.0
1879-02-01,3.71,0.1833,4.2,8.37,0.0
1879-03-01,3.65,0.185,4.19,8.28,0.0
1879-04-01,3.77,0.1867,4.17,8.18,0.0
1879-05-01,3.94,0.1883,4.15,8.18,0.0
1879-06-01,3.96,0.19,4.14,8.09,0.0
1879-07-01,4.04,0.1917,4.12,8.18,0.0
1879-08-01,4.07,0.1933,4.1,8.18,0.0
1879-09-01,4.22,0.195,4.09,8.47,0.0
1879-10-01,4.68,0.1967,4.07,8.94,0.0
1879-11-01,4.93,0.1983,4.05,9.42,0.0
1879-12-01,4.92,0.2,4.04,9.7,0.0
1880-01-01,5.11,0.205,4.02,9.99,0.0
1880-02-01,5.2,0.21,3.99,9.99,0.0
1880-03-01,5.3,0.215,3.97,10.09,0.0
1880-04-01,5.18,0.22,3.94,9.7,0.0
1880-05-01,4.77,0.225,3.91,9.42,0.0
1880-06-01,4.79,0.23,3.89,9.23,0.0
1880-07-01,5.01,0.235,3.86,9.23,0.0
1880-08-01,5.19,0.24,3.83,9.23,0.0
1880-09-01,5.18,0.245,3.81,9.32,0.0
1880-10-01,5.33,0.25,3.78,9.32,0.0
1880-11-01,5.61,0.255,3.75,9.42,0.0
1880-12-01,5.84,0.26,3.73,9.51,0.0
1881-01-01,6.19,0.265,3.7,9.42,18.47
1881-02-01,6.17,0.27,3.69,9.51,18.15
1881-03-01,6.24,0.275,3.69,9.51,18.27
1881-04-01,6.22,0.28,3.68,9.61,17.95
1881-05-01,6.5,0.285,3.67,9.51,18.87
1881-06-01,6.58,0.29,3.67,9.51,19.03
1881-07-01,6.35,0.295,3.66,9.61,18.12
1881-08-01,6.2,0.3,3.65,9.8,17.29
1881-09-01,6.25,0.305,3.65,10.18,16.72
1881-10-01,6.15,0.31,3.64,10.28,16.26
1881-11-01,6.19,0.315,3.63,10.18,16.48
1881-12-01,6.01,0.32,3.63,10.18,15.96
1882-01-01,5.92,0.32,3.62,10.18,15.68
1882-02-01,5.79,0.32,3.62,10.28,15.15
1882-03-01,5.78,0.32,3.62,10.28,15.09
1882-04-01,5.78,0.32,3.62,10.37,14.92
1882-05-01,5.71,0.32,3.62,10.47,14.57
1882-06-01,5.68,0.32,3.62,10.56,14.33
1882-07-01,6.0,0.32,3.62,10.47,15.24
1882-08-01,6.18,0.32,3.63,10.56,15.53
1882-09-01,6.24,0.32,3.63,10.28,16.08
1882-10-01,6.07,0.32,3.63,10.18,15.76
1882-11-01,5.81,0.32,3.63,10.09,15.19
1882-12-01,5.84,0.32,3.63,9.99,15.38
1883-01-01,5.81,0.3208,3.63,9.99,15.27
1883-02-01,5.68,0.3217,3.63,10.09,14.76
1883-03-01,5.75,0.3225,3.63,9.99,15.05
1883-04-01,5.87,0.3233,3.63,9.9,15.48
1883-05-01,5.77,0.3242,3.63,9.8,15.34
1883-06-01,5.82,0.325,3.63,9.51,15.9
1883-07-01,5.73,0.3258,3.62,9.32,15.95
1883-08-01,5.47,0.3267,3.62,9.32,15.2
1883-09-01,5.53,0.3275,3.62,9.23,15.49
1883-10-01,5.38,0.3283,3.62,9.23,15.05
1883-11-01,5.46,0.3292,3.62,9.13,15.41
1883-12-01,5.34,0.33,3.62,9.23,14.9
1884-01-01,5.18,0.3283,3.62,9.23,14.43
1884-02-01,5.32,0.3267,3.61,9.23,14.81
1884-03-01,5.3,0.325,3.6,9.23,14.74
1884-04-01,5.06,0.3233,3.59,9.04,14.35
1884-05-01,4.65,0.3217,3.59,8.85,13.47
1884-06-01,4.46,0.32,3.58,8.85,12.91
1884-07-01,4.46,0.3183,3.57,8.75,13.04
1884-08-01,4.74,0.3167,3.56,8.75,13.86
1884-09-01,4.59,0.315,3.55,8.66,13.57
1884-10-01,4.44,0.3133,3.54,8.56,13.27
1884-11-01,4.35,0.3117,3.54,8.37,13.3
1884-12-01,4.34,0.31,3.53,8.28,13.43
1885-01-01,4.24,0.3042,3.52,8.28,13.13
1885-02-01,4.37,0.2983,3.51,8.37,13.38
1885-03-01,4.38,0.2925,3.5,8.18,13.73
1885-04-01,4.37,0.2867,3.48,8.28,13.55
1885-05-01,4.32,0.2808,3.47,8.09,13.71
1885-06-01,4.3,0.275,3.46,7.9,13.98
1885-07-01,4.46,0.2692,3.44,7.99,14.33
1885-08-01,4.71,0.2633,3.43,7.99,15.13
1885-09-01,4.65,0.2575,3.42,7.9,15.12
1885-10-01,4.92,0.2517,3.41,7.9,15.99
1885-11-01,5.24,0.2458,3.4,7.99,16.82
1885-12-01,5.2,0.24,3.38,8.18,16.3
1886-01-01,5.2,0.2383,3.37,7.99,16.69
1886-02-01,5.3,0.2367,3.38,7.99,17.01
1886-03-01,5.19,0.235,3.4,7.9,16.84
1886-04-01,5.12,0.2333,3.41,7.8,16.8
1886-05-01,5.02,0.2317,3.42,7.61,16.86
1886-06-01,5.25,0.23,3.43,7.52,17.83
1886-07-01,5.33,0.2283,3.44,7.61,17.85
1886-08-01,5.37,0.2267,3.46,7.71,17.72
1886-09-01,5.51,0.225,3.47,7.71,18.15
1886-10-01,5.65,0.2233,3.48,7.71,18.56
1886-11-01,5.79,0.2217,3.5,7.71,18.97
1886-12-01,5.64,0.22,3.51,7.8,18.19
1887-01-01,5.58,0.2225,3.52,7.99,17.51
1887-02-01,5.54,0.225,3.53,8.09,17.13
1887-03-01,5.67,0.2275,3.55,8.09,17.47
1887-04-01,5.8,0.23,3.56,8.09,17.82
1887-05-01,5.9,0.2325,3.57,8.09,18.08
1887-06-01,5.73,0.235,3.58,7.99,17.71
1887-07-01,5.59,0.2375,3.59,7.9,17.43
1887-08-01,5.45,0.24,3.61,7.99,16.74
1887-09-01,5.38,0.2425,3.62,7.9,16.68
1887-10-01,5.2,0.245,3.63,7.99,15.88
1887-11-01,5.3,0.2475,3.65,8.09,15.95
1887-12-01,5.27,0.25,3.66,8.28,15.46
1888-01-01,5.31,0.2483,3.67,8.37,15.36
1888-02-01,5.28,0.2467,3.65,8.28,15.42
1888-03-01,5.08,0.245,3.63,8.28,14.81
1888-04-01,5.1,0.2433,3.62,8.18,15.02
1888-05-01,5.17,0.2417,3.6,8.09,15.39
1888-06-01,5.01,0.24,3.58,7.99,15.08
1888-07-01,5.14,0.2383,3.56,8.09,15.28
1888-08-01,5.25,0.2367,3.54,8.09,15.6
1888-09-01,5.38,0.235,3.52,8.09,15.99
1888-10-01,5.35,0.2333,3.5,8.18,15.72
1888-11-01,5.24,0.2317,3.49,8.28,15.22
1888-12-01,5.14,0.23,3.47,8.28,14.95
1889-01-01,5.24,0.2292,3.45,7.99,15.8
1889-02-01,5.3,0.2283,3.45,7.9,16.19
1889-03-01,5.19,0.2275,3.44,7.8,16.07
1889-04-01,5.18,0.2267,3.44,7.8,16.05
1889-05-01,5.32,0.2258,3.44,7.61,16.92
1889-06-01,5.41,0.225,3.44,7.61,17.22
1889-07-01,5.3,0.2242,3.44,7.61,16.89
1889-08-01,5.37,0.2233,3.43,7.61,17.13
1889-09-01,5.5,0.2225,3.43,7.71,17.35
1889-10-01,5.4,0.2217,3.43,7.71,17.05
1889-11-01,5.35,0.2208,3.43,7.71,16.91
1889-12-01,5.32,0.22,3.42,7.8,16.61
1890-01-01,5.38,0.22,3.42,7.61,17.22
1890-02-01,5.32,0.22,3.44,7.61,17.03
1890-03-01,5.28,0.22,3.45,7.61,16.9
1890-04-01,5.39,0.22,3.47,7.61,17.26
1890-05-01,5.62,0.22,3.49,7.71,17.79
1890-06-01,5.58,0.22,3.5,7.71,17.68
1890-07-01,5.54,0.22,3.52,7.71,17.59
1890-08-01,5.41,0.22,3.54,7.99,16.6
1890-09-01,5.32,0.22,3.55,8.09,16.17
1890-10-01,5.08,0.22,3.57,8.09,15.48
1890-11-01,4.71,0.22,3.59,7.9,14.75
1890-12-01,4.6,0.22,3.6,7.9,14.44
1891-01-01,4.84,0.22,3.62,7.8,15.43
1891-02-01,4.9,0.22,3.62,7.9,15.48
1891-03-01,4.81,0.22,3.62,7.99,15.05
1891-04-01,4.97,0.22,3.61,8.09,15.41
1891-05-01,4.95,0.22,3.61,7.99,15.57
1891-06-01,4.85,0.22,3.61,7.8,15.66
1891-07-01,4.77,0.22,3.61,7.71,15.62
1891-08-01,4.93,0.22,3.61,7.71,16.16
1891-09-01,5.33,0.22,3.61,7.61,17.71
1891-10-01,5.33,0.22,3.6,7.61,17.72
1891-11-01,5.25,0.22,3.6,7.52,17.67
1891-12-01,5.41,0.22,3.6,7.52,18.21
1892-01-01,5.51,0.2217,3.6,7.33,19.02
1892-02-01,5.52,0.2233,3.61,7.33,19.04
1892-03-01,5.58,0.225,3.62,7.14,19.74
1892-04-01,5.57,0.2267,3.64,7.04,19.94
1892-05-01,5.57,0.2283,3.65,7.04,19.91
1892-06-01,5.54,0.23,3.66,7.04,19.77
1892-07-01,5.54,0.2317,3.67,7.23,19.21
1892-08-01,5.62,0.2333,3.69,7.33,19.2
1892-09-01,5.48,0.235,3.7,7.33,18.69
1892-10-01,5.59,0.2367,3.71,7.33,19.04
1892-11-01,5.57,0.2383,3.73,7.52,18.46
1892-12-01,5.51,0.24,3.74,7.61,18.01
1893-01-01,5.61,0.2408,3.75,7.9,17.66
1893-02-01,5.51,0.2417,3.75,7.99,17.13
1893-03-01,5.31,0.2425,3.74,7.8,16.9
1893-04-01,5.31,0.2433,3.74,7.71,17.1
1893-05-01,4.84,0.2442,3.73,7.61,15.78
1893-06-01,4.61,0.245,3.73,7.42,15.42
1893-07-01,4.18,0.2458,3.73,7.23,14.35
1893-08-01,4.08,0.2467,3.72,6.95,14.59
1893-09-01,4.37,0.2475,3.72,7.23,15.01
1893-10-01,4.5,0.2483,3.71,7.33,15.27
1893-11-01,4.57,0.2492,3.71,7.14,15.94
1893-12-01,4.41,0.25,3.7,7.04,15.61
1894-01-01,4.32,0.2467,3.7,6.85,15.74
1894-02-01,4.38,0.2433,3.68,6.76,16.2
1894-03-01,4.51,0.24,3.66,6.57,17.19
1894-04-01,4.57,0.2367,3.64,6.57,17.43
1894-05-01,4.4,0.2333,3.62,6.57,16.81
1894-06-01,4.34,0.23,3.6,6.57,16.61
1894-07-01,4.25,0.2267,3.58,6.57,16.29
1894-08-01,4.41,0.2233,3.56,6.76,16.46
1894-09-01,4.48,0.22,3.54,6.85,16.52
1894-10-01,4.34,0.2167,3.52,6.66,16.5
1894-11-01,4.34,0.2133,3.5,6.66,16.54
1894-12-01,4.3,0.21,3.48,6.57,16.67
1895-01-01,4.25,0.2083,3.46,6.57,16.52
1895-02-01,4.19,0.2067,3.47,6.57,16.33
1895-03-01,4.19,0.205,3.48,6.57,16.36
1895-04-01,4.37,0.2033,3.5,6.85,16.39
1895-05-01,4.61,0.2017,3.51,6.95,17.08
1895-06-01,4.7,0.2,3.52,7.04,17.21
1895-07-01,4.72,0.1983,3.53,6.95,17.55
1895-08-01,4.79,0.1967,3.54,6.85,18.07
1895-09-01,4.82,0.195,3.55,6.85,18.2
1895-10-01,4.75,0.1933,3.56,6.85,17.94
1895-11-01,4.59,0.1917,3.58,6.85,17.34
1895-12-01,4.32,0.19,3.59,6.76,16.55
1896-01-01,4.27,0.1892,3.6,6.66,16.58
1896-02-01,4.45,0.1883,3.58,6.57,17.52
1896-03-01,4.38,0.1875,3.57,6.57,17.23
1896-04-01,4.42,0.1867,3.55,6.47,17.64
1896-05-01,4.4,0.1858,3.53,6.37,17.83
1896-06-01,4.32,0.185,3.52,6.28,17.78
1896-07-01,4.04,0.1842,3.5,6.28,16.64
1896-08-01,3.81,0.1833,3.48,6.28,15.7
1896-09-01,4.01,0.1825,3.47,6.28,16.54
1896-10-01,4.1,0.1817,3.45,6.47,16.44
1896-11-01,4.38,0.1808,3.43,6.66,17.09
1896-12-01,4.22,0.18,3.42,6.66,16.5
1897-01-01,4.22,0.18,3.4,6.47,17.03
1897-02-01,4.18,0.18,3.4,6.47,16.89
1897-03-01,4.19,0.18,3.39,6.47,16.96
1897-04-01,4.06,0.18,3.39,6.37,16.7
1897-05-01,4.08,0.18,3.38,6.28,17.05
1897-06-01,4.27,0.18,3.38,6.28,17.85
1897-07-01,4.46,0.18,3.38,6.28,18.65
1897-08-01,4.75,0.18,3.37,6.57,19.01
1897-09-01,4.98,0.18,3.37,6.76,19.37
1897-10-01,4.82,0.18,3.36,6.66,19.03
1897-11-01,4.65,0.18,3.36,6.66,18.36
1897-12-01,4.75,0.18,3.35,6.66,18.75
1898-01-01,4.88,0.1817,3.35,6.66,19.25
1898-02-01,4.87,0.1833,3.33,6.76,18.92
1898-03-01,4.65,0.185,3.31,6.76,18.04
1898-04-01,4.57,0.1867,3.29,6.76,17.71
1898-05-01,4.87,0.1883,3.27,7.23,17.6
1898-06-01,5.06,0.19,3.25,6.76,19.54
1898-07-01,5.08,0.1917,3.23,6.66,19.86
1898-08-01,5.27,0.1933,3.2,6.66,20.54
1898-09-01,5.26,0.195,3.18,6.66,20.44
1898-10-01,5.15,0.1967,3.16,6.66,19.95
1898-11-01,5.32,0.1983,3.14,6.66,20.53
1898-12-01,5.65,0.2,3.12,6.76,21.4
1899-01-01,6.08,0.2008,3.1,6.76,22.93
1899-02-01,6.31,0.2017,3.1,6.95,23.05
1899-03-01,6.4,0.2025,3.11,6.95,23.28
1899-04-01,6.48,0.2033,3.11,7.04,23.15
1899-05-01,6.21,0.2042,3.12,7.04,22.09
1899-06-01,6.07,0.205,3.12,7.14,21.21
1899-07-01,6.28,0.2058,3.12,7.23,21.56
1899-08-01,6.44,0.2067,3.13,7.33,21.73
1899-09-01,6.37,0.2075,3.13,7.61,20.59
1899-10-01,6.34,0.2083,3.14,7.71,20.15
1899-11-01,6.46,0.2092,3.14,7.8,20.2
1899-12-01,6.02,0.21,3.15,7.9,18.51
1900-01-01,6.1,0.2175,3.15,7.9,18.67
1900-02-01,6.21,0.225,3.15,7.99,18.7
1900-03-01,6.26,0.2325,3.14,7.99,18.78
1900-04-01,6.34,0.24,3.14,7.99,18.94
1900-05-01,6.04,0.2475,3.13,7.8,18.4
1900-06-01,5.86,0.255,3.13,7.71,17.99
1900-07-01,5.86,0.2625,3.12,7.8,17.69
1900-08-01,5.94,0.27,3.12,7.71,18.07
1900-09-01,5.8,0.2775,3.12,7.8,17.34
1900-10-01,6.01,0.285,3.11,7.71,18.1
1900-11-01,6.48,0.2925,3.11,7.71,19.42
1900-12-01,6.87,0.3,3.1,7.61,20.74
1901-01-01,7.07,0.3017,3.1,7.71,20.98
1901-02-01,7.25,0.3033,3.11,7.61,21.68
1901-03-01,7.51,0.305,3.11,7.61,22.35
1901-04-01,8.14,0.3067,3.12,7.52,24.41
1901-05-01,7.73,0.3083,3.13,7.52,23.06
1901-06-01,8.5,0.31,3.13,7.52,25.24
1901-07-01,7.93,0.3117,3.14,7.61,23.14
1901-08-01,8.04,0.3133,3.15,7.71,23.08
1901-09-01,8.0,0.315,3.15,7.8,22.59
1901-10-01,7.91,0.3167,3.16,7.8,22.25
1901-11-01,8.08,0.3183,3.17,7.9,22.38
1901-12-01,7.95,0.32,3.17,7.99,21.68
1902-01-01,8.12,0.3208,3.18,7.9,22.34
1902-02-01,8.19,0.3217,3.19,7.9,22.46
1902-03-01,8.2,0.3225,3.2,7.9,22.41
1902-04-01,8.48,0.3233,3.21,7.99,22.82
1902-05-01,8.46,0.3242,3.22,8.09,22.43
1902-06-01,8.41,0.325,3.23,8.18,21.96
1902-07-01,8.6,0.3258,3.24,8.18,22.39
1902-08-01,8.83,0.3267,3.25,8.09,23.17
1902-09-01,8.85,0.3275,3.26,8.18,22.86
1902-10-01,8.57,0.3283,3.27,8.75,20.6
1902-11-01,8.24,0.3292,3.28,8.47,20.41
1902-12-01,8.05,0.33,3.29,8.56,19.63
1903-01-01,8.46,0.3317,3.3,8.66,20.32
1903-02-01,8.41,0.3333,3.31,8.66,20.11
1903-03-01,8.08,0.335,3.32,8.37,19.88
1903-04-01,7.75,0.3367,3.33,8.37,18.98
1903-05-01,7.6,0.3383,3.33,8.18,18.95
1903-06-01,7.18,0.34,3.34,8.18,17.82
1903-07-01,6.85,0.3417,3.35,8.18,16.92
1903-08-01,6.63,0.3433,3.36,8.18,16.3
1903-09-01,6.47,0.345,3.37,8.28,15.65
1903-10-01,6.26,0.3467,3.37,8.18,15.25
1903-11-01,6.28,0.3483,3.38,8.09,15.41
1903-12-01,6.57,0.35,3.39,8.09,16.04
1904-01-01,6.68,0.3467,3.4,8.28,15.86
1904-02-01,6.5,0.3433,3.41,8.47,15.02
1904-03-01,6.48,0.34,3.41,8.37,15.08
1904-04-01,6.64,0.3367,3.42,8.28,15.57
1904-05-01,6.5,0.3333,3.43,8.09,15.53
1904-06-01,6.51,0.33,3.43,8.09,15.47
1904-07-01,6.78,0.3267,3.44,8.09,16.04
1904-08-01,7.01,0.3233,3.45,8.18,16.3
1904-09-01,7.32,0.32,3.45,8.28,16.74
1904-10-01,7.75,0.3167,3.46,8.28,17.63
1904-11-01,8.17,0.3133,3.47,8.47,18.08
1904-12-01,8.25,0.31,3.47,8.47,18.16
1905-01-01,8.43,0.3117,3.48,8.47,18.46
1905-02-01,8.8,0.3133,3.48,8.47,19.17
1905-03-01,9.05,0.315,3.47,8.37,19.83
1905-04-01,8.94,0.3167,3.47,8.37,19.48
1905-05-01,8.5,0.3183,3.46,8.28,18.63
1905-06-01,8.6,0.32,3.46,8.28,18.74
1905-07-01,8.87,0.3217,3.46,8.28,19.21
1905-08-01,9.2,0.3233,3.45,8.37,19.57
1905-09-01,9.23,0.325,3.45,8.28,19.74
1905-10-01,9.36,0.3267,3.44,8.28,19.9
1905-11-01,9.31,0.3283,3.44,8.37,19.44
1905-12-01,9.54,0.33,3.43,8.47,19.58
1906-01-01,9.87,0.3358,3.43,8.47,20.13
1906-02-01,9.8,0.3417,3.45,8.47,19.87
1906-03-01,9.56,0.3475,3.47,8.47,19.26
1906-04-01,9.43,0.3533,3.49,8.47,18.88
1906-05-01,9.18,0.3592,3.51,8.56,18.05
1906-06-01,9.3,0.365,3.53,8.56,18.17
1906-07-01,9.06,0.3708,3.55,8.28,18.2
1906-08-01,9.73,0.3767,3.57,8.47,18.97
1906-09-01,10.03,0.3825,3.59,8.56,19.2
1906-10-01,9.73,0.3883,3.61,8.75,18.1
1906-11-01,9.93,0.3942,3.63,8.85,18.14
1906-12-01,9.84,0.4,3.65,8.94,17.66
1907-01-01,9.56,0.4033,3.67,8.85,17.22
1907-02-01,9.26,0.4067,3.69,9.04,16.22
1907-03-01,8.35,0.41,3.7,8.94,14.69
1907-04-01,8.39,0.4133,3.72,8.94,14.67
1907-05-01,8.1,0.4167,3.74,9.13,13.79
1907-06-01,7.84,0.42,3.75,9.23,13.14
1907-07-01,8.14,0.4233,3.77,9.23,13.59
1907-08-01,7.53,0.4267,3.79,9.23,12.51
1907-09-01,7.45,0.43,3.8,9.23,12.33
1907-10-01,6.64,0.4333,3.82,9.32,10.83
1907-11-01,6.25,0.4367,3.84,8.94,10.59
1907-12-01,6.57,0.44,3.85,8.75,11.33
1908-01-01,6.85,0.4367,3.87,8.66,11.9
1908-02-01,6.6,0.4333,3.86,8.56,11.55
1908-03-01,6.87,0.43,3.85,8.56,11.98
1908-04-01,7.24,0.4267,3.84,8.66,12.45
1908-05-01,7.63,0.4233,3.83,8.66,13.08
1908-06-01,7.64,0.42,3.82,8.66,13.05
1908-07-01,7.92,0.4167,3.81,8.75,13.35
1908-08-01,8.26,0.4133,3.81,8.75,13.88
1908-09-01,8.17,0.41,3.8,8.75,13.7
1908-10-01,8.27,0.4067,3.79,8.85,13.69
1908-11-01,8.83,0.4033,3.78,8.94,14.44
1908-12-01,9.03,0.4,3.77,9.04,14.58
1909-01-01,9.06,0.4033,3.76,8.94,14.76
1909-02-01,8.8,0.4067,3.77,9.04,14.17
1909-03-01,8.92,0.41,3.78,9.04,14.34
1909-04-01,9.32,0.4133,3.8,9.23,14.65
1909-05-01,9.63,0.4167,3.81,9.32,14.95
1909-06-01,9.8,0.42,3.82,9.42,15.04
1909-07-01,9.94,0.4233,3.83,9.42,15.23
1909-08-01,10.18,0.4267,3.85,9.51,15.42
1909-09-01,10.19,0.43,3.86,9.61,15.25
1909-10-01,10.23,0.4333,3.87,9.8,14.99
1909-11-01,10.18,0.4367,3.88,9.9,14.75
1909-12-01,10.3,0.44,3.9,9.99,14.75
1910-01-01,10.08,0.4425,3.91,9.9,14.55
1910-02-01,9.72,0.445,3.92,9.9,14.0
1910-03-01,9.96,0.4475,3.92,10.09,14.05
1910-04-01,9.72,0.45,3.93,10.18,13.56
1910-05-01,9.56,0.4525,3.93,9.99,13.57
1910-06-01,9.1,0.455,3.94,9.9,13.02
1910-07-01,8.64,0.4575,3.95,9.9,12.34
1910-08-01,8.85,0.46,3.95,9.8,12.75
1910-09-01,8.91,0.4625,3.96,9.7,12.94
1910-10-01,9.32,0.465,3.96,9.42,13.92
1910-11-01,9.31,0.4675,3.97,9.23,14.16
1910-12-01,9.05,0.47,3.97,9.23,13.74
1911-01-01,9.27,0.47,3.98,9.23,14.05
1911-02-01,9.43,0.47,3.98,8.94,14.72
1911-03-01,9.32,0.47,3.98,9.04,14.37
1911-04-01,9.28,0.47,3.99,8.75,14.75
1911-05-01,9.48,0.47,3.99,8.75,15.05
1911-06-01,9.67,0.47,3.99,8.75,15.33
1911-07-01,9.63,0.47,4.0,8.85,15.08
1911-08-01,9.17,0.47,4.0,9.13,13.9
1911-09-01,8.67,0.47,4.0,9.23,13.0
1911-10-01,8.72,0.47,4.0,9.23,13.07
1911-11-01,9.07,0.47,4.0,9.13,13.73
1911-12-01,9.11,0.47,4.01,9.04,13.93
1912-01-01,9.12,0.4708,4.01,9.13,13.79
1912-02-01,9.04,0.4717,4.05,9.23,13.53
1912-03-01,9.3,0.4725,4.08,9.42,13.64
1912-04-01,9.59,0.4733,4.12,9.7,13.65
1912-05-01,9.58,0.4742,4.16,9.7,13.65
1912-06-01,9.58,0.475,4.19,9.61,13.79
1912-07-01,9.59,0.4758,4.23,9.61,13.8
1912-08-01,9.81,0.4767,4.27,9.7,13.98
1912-09-01,9.86,0.4775,4.3,9.8,13.93
1912-10-01,9.84,0.4783,4.34,9.8,13.91
1912-11-01,9.73,0.4792,4.38,9.8,13.75
1912-12-01,9.38,0.48,4.41,9.7,13.39
1913-01-01,9.3,0.48,4.45,9.8,13.15
1913-02-01,8.97,0.48,4.43,9.8,12.68
1913-03-01,8.8,0.48,4.4,9.8,12.44
1913-04-01,8.79,0.48,4.38,9.8,12.43
1913-05-01,8.55,0.48,4.35,9.7,12.22
1913-06-01,8.12,0.48,4.33,9.8,11.49
1913-07-01,8.23,0.48,4.3,9.9,11.53
1913-08-01,8.45,0.48,4.28,9.9,11.85
1913-09-01,8.53,0.48,4.26,10.0,11.84
1913-10-01,8.26,0.48,4.23,10.0,11.47
1913-11-01,8.05,0.48,4.21,10.1,11.07
1913-12-01,8.04,0.48,4.18,10.0,11.17
1914-01-01,8.37,0.475,4.16,10.0,11.64
1914-02-01,8.48,0.47,4.17,9.9,11.91
1914-03-01,8.32,0.465,4.17,9.9,11.69
1914-04-01,8.12,0.46,4.18,9.8,11.52
1914-05-01,8.17,0.455,4.19,9.9,11.48
1914-06-01,8.13,0.45,4.19,9.9,11.43
1914-07-01,7.68,0.445,4.2,10.0,10.69
1914-08-01,7.68,0.44,4.21,10.2,10.49
1914-09-01,7.68,0.435,4.21,10.2,10.5
1914-10-01,7.68,0.43,4.22,10.1,10.61
1914-11-01,7.68,0.425,4.23,10.2,10.52
1914-12-01,7.35,0.42,4.23,10.1,10.17
1915-01-01,7.48,0.4208,4.24,10.1,10.36
1915-02-01,7.38,0.4217,4.22,10.0,10.33
1915-03-01,7.57,0.4225,4.21,9.9,10.71
1915-04-01,8.14,0.4233,4.19,10.0,11.4
1915-05-01,7.95,0.4242,4.18,10.1,11.03
1915-06-01,8.04,0.425,4.16,10.1,11.15
1915-07-01,8.01,0.4258,4.14,10.1,11.11
1915-08-01,8.35,0.4267,4.13,10.1,11.58
1915-09-01,8.66,0.4275,4.11,10.1,12.01
1915-10-01,9.14,0.4283,4.1,10.2,12.55
1915-11-01,9.46,0.4292,4.08,10.3,12.86
1915-12-01,9.48,0.43,4.07,10.3,12.88
1916-01-01,9.33,0.4408,4.05,10.4,12.54
1916-02-01,9.2,0.4517,4.06,10.4,12.35
1916-03-01,9.17,0.4625,4.08,10.5,12.18
1916-04-01,9.07,0.4733,4.09,10.6,11.91
1916-05-01,9.27,0.4842,4.11,10.7,12.03
1916-06-01,9.36,0.495,4.12,10.8,12.0
1916-07-01,9.23,0.5058,4.14,10.8,11.79
1916-08-01,9.3,0.5167,4.16,10.9,11.73
1916-09-01,9.68,0.5275,4.17,11.1,11.94
1916-10-01,9.98,0.5383,4.19,11.3,12.05
1916-11-01,10.21,0.5492,4.2,11.5,12.05
1916-12-01,9.8,0.56,4.21,11.6,11.41
1917-01-01,9.57,0.5708,4.23,11.7,10.99
1917-02-01,9.03,0.5817,4.26,12.0,10.06
1917-03-01,9.31,0.5925,4.29,12.0,10.33
1917-04-01,9.17,0.6033,4.32,12.6,9.64
1917-05-01,8.86,0.6142,4.34,12.8,9.14
1917-06-01,9.04,0.625,4.37,13.0,9.15
1917-07-01,8.79,0.6358,4.4,12.8,9.0
1917-08-01,8.53,0.6467,4.43,13.0,8.57
1917-09-01,8.12,0.6575,4.46,13.3,7.95
1917-10-01,7.68,0.6683,4.49,13.5,7.39
1917-11-01,7.04,0.6792,4.51,13.5,6.75
1917-12-01,6.8,0.69,4.54,13.7,6.41
1918-01-01,7.21,0.68,4.57,14.0,6.64
1918-02-01,7.43,0.67,4.56,14.1,6.78
1918-03-01,7.28,0.66,4.56,14.0,6.69
1918-04-01,7.21,0.65,4.55,14.2,6.52
1918-05-01,7.44,0.64,4.55,14.5,6.58
1918-06-01,7.45,0.63,4.54,14.7,6.5
1918-07-01,7.51,0.62,4.54,15.1,6.37
1918-08-01,7.58,0.61,4.53,15.4,6.3
1918-09-01,7.54,0.6,4.52,15.7,6.15
1918-10-01,7.86,0.59,4.52,16.0,6.29
1918-11-01,8.06,0.58,4.51,16.3,6.33
1918-12-01,7.9,0.57,4.51,16.5,6.13
1919-01-01,7.85,0.5667,4.5,16.5,6.1
1919-02-01,7.88,0.5633,4.54,16.2,6.24
1919-03-01,8.12,0.56,4.58,16.4,6.36
1919-04-01,8.39,0.5567,4.62,16.7,6.46
1919-05-01,8.97,0.5533,4.66,16.9,6.83
1919-06-01,9.21,0.55,4.7,16.9,7.02
1919-07-01,9.51,0.5467,4.73,17.4,7.05
1919-08-01,8.87,0.5433,4.77,17.7,6.48
1919-09-01,9.01,0.54,4.81,17.8,6.56
1919-10-01,9.47,0.5367,4.85,18.1,6.79
1919-11-01,9.19,0.5333,4.89,18.5,6.47
1919-12-01,8.92,0.53,4.93,18.9,6.16
1920-01-01,8.83,0.5283,4.97,19.3,5.99
1920-02-01,8.1,0.5267,4.98,19.5,5.46
1920-03-01,8.67,0.525,4.99,19.7,5.8
1920-04-01,8.6,0.5233,5.0,20.3,5.6
1920-05-01,8.06,0.5217,5.01,20.6,5.19
1920-06-01,7.92,0.52,5.02,20.9,5.04
1920-07-01,7.91,0.5183,5.03,20.8,5.08
1920-08-01,7.6,0.5167,5.04,20.3,5.02
1920-09-01,7.87,0.515,5.05,20.0,5.3
1920-10-01,7.88,0.5133,5.06,19.9,5.35
1920-11-01,7.48,0.5117,5.07,19.8,5.13
1920-12-01,6.81,0.51,5.08,19.4,4.78
1921-01-01,7.11,0.5058,5.09,19.0,5.12
1921-02-01,7.06,0.5017,5.02,18.4,5.27
1921-03-01,6.88,0.4975,4.96,18.3,5.19
1921-04-01,6.91,0.4933,4.89,18.1,5.3
1921-05-01,7.12,0.4892,4.83,17.7,5.61
1921-06-01,6.55,0.485,4.76,17.6,5.22
1921-07-01,6.53,0.4808,4.7,17.7,5.2
1921-08-01,6.45,0.4767,4.63,17.7,5.16
1921-09-01,6.61,0.4725,4.56,17.5,5.38
1921-10-01,6.7,0.4683,4.5,17.5,5.48
1921-11-01,7.06,0.4642,4.43,17.4,5.84
1921-12-01,7.31,0.46,4.37,17.3,6.11
1922-01-01,7.3,0.4642,4.3,16.9,6.29
1922-02-01,7.46,0.4683,4.3,16.9,6.46
1922-03-01,7.74,0.4725,4.31,16.7,6.82
1922-04-01,8.21,0.4767,4.31,16.7,7.27
1922-05-01,8.53,0.4808,4.32,16.7,7.59
1922-06-01,8.45,0.485,4.33,16.7,7.56
1922-07-01,8.51,0.4892,4.33,16.8,7.6
1922-08-01,8.83,0.4933,4.33,16.6,8.02
1922-09-01,9.06,0.4975,4.34,16.6,8.27
1922-10-01,9.26,0.5017,4.34,16.7,8.43
1922-11-01,8.8,0.5058,4.35,16.8,8.0
1922-12-01,8.78,0.51,4.35,16.9,7.96
1923-01-01,8.9,0.5117,4.36,16.8,8.15
1923-02-01,9.28,0.5133,4.33,16.8,8.53
1923-03-01,9.43,0.515,4.31,16.8,8.7
1923-04-01,9.1,0.5167,4.29,16.9,8.37
1923-05-01,8.67,0.5183,4.26,16.9,8.0
1923-06-01,8.34,0.52,4.23,17.0,7.67
1923-07-01,8.06,0.5217,4.21,17.2,7.35
1923-08-01,8.1,0.5233,4.18,17.1,7.44
1923-09-01,8.15,0.525,4.16,17.2,7.46
1923-10-01,8.03,0.5267,4.13,17.3,7.32
1923-11-01,8.27,0.5283,4.11,17.3,7.55
1923-12-01,8.55,0.53,4.08,17.3,7.81
1924-01-01,8.83,0.5317,4.06,17.3,8.07
1924-02-01,8.87,0.5333,4.04,17.2,8.16
1924-03-01,8.7,0.535,4.03,17.1,8.06
1924-04-01,8.5,0.5367,4.01,17.0,7.92
1924-05-01,8.47,0.5383,3.99,17.0,7.9
1924-06-01,8.63,0.54,3.98,17.0,8.05
1924-07-01,9.03,0.5417,3.96,17.1,8.38
1924-08-01,9.34,0.5433,3.94,17.0,8.72
1924-09-01,9.25,0.545,3.93,17.1,8.58
1924-10-01,9.13,0.5467,3.91,17.2,8.42
1924-11-01,9.64,0.5483,3.89,17.2,8.89
1924-12-01,10.16,0.55,3.88,17.3,9.31
1925-01-01,10.58,0.5542,3.86,17.3,9.69
1925-02-01,10.67,0.5583,3.85,17.2,9.83
1925-03-01,10.39,0.5625,3.83,17.3,9.52
1925-04-01,10.28,0.5667,3.81,17.2,9.48
1925-05-01,10.61,0.5708,3.8,17.3,9.73
1925-06-01,10.8,0.575,3.79,17.5,9.8
1925-07-01,11.1,0.5792,3.77,17.7,9.96
1925-08-01,11.25,0.5833,3.76,17.7,10.11
1925-09-01,11.51,0.5875,3.74,17.7,10.36
1925-10-01,11.89,0.5917,3.73,17.7,10.72
1925-11-01,12.26,0.5958,3.71,18.0,10.89
1925-12-01,12.46,0.6,3.7,17.9,11.15
1926-01-01,12.65,0.6075,3.68,17.9,11.34
1926-02-01,12.67,0.615,3.65,17.9,11.39
1926-03-01,11.81,0.6225,3.62,17.8,10.71
1926-04-01,11.48,0.63,3.6,17.9,10.4
1926-05-01,11.56,0.6375,3.57,17.8,10.58
1926-06-01,12.11,0.645,3.54,17.7,11.2
1926-07-01,12.62,0.6525,3.51,17.5,11.87
1926-08-01,13.12,0.66,3.48,17.4,12.49
1926-09-01,13.32,0.6675,3.45,17.5,12.69
1926-10-01,13.02,0.675,3.42,17.6,12.43
1926-11-01,13.19,0.6825,3.4,17.7,12.62
1926-12-01,13.49,0.69,3.37,17.7,13.01
1927-01-01,13.4,0.6967,3.34,17.5,13.19
1927-02-01,13.66,0.7033,3.34,17.4,13.63
1927-03-01,13.87,0.71,3.34,17.3,14.03
1927-04-01,14.21,0.7167,3.34,17.3,14.49
1927-05-01,14.7,0.7233,3.34,17.4,15.0
1927-06-01,14.89,0.73,3.34,17.6,15.12
1927-07-01,15.22,0.7367,3.33,17.3,15.82
1927-08-01,16.03,0.7433,3.33,17.2,16.86
1927-09-01,16.94,0.75,3.33,17.3,17.82
1927-10-01,16.68,0.7567,3.33,17.4,17.54
1927-11-01,17.06,0.7633,3.33,17.3,18.13
1927-12-01,17.46,0.77,3.33,17.3,18.65
1928-01-01,17.53,0.7767,3.33,17.3,18.81
1928-02-01,17.32,0.7833,3.35,17.1,18.87
1928-03-01,18.25,0.79,3.38,17.1,19.94
1928-04-01,19.4,0.7967,3.4,17.1,21.26
1928-05-01,20.0,0.8033,3.42,17.2,21.83
1928-06-01,19.02,0.81,3.44,17.1,20.91
1928-07-01,19.16,0.8167,3.46,17.1,21.08
1928-08-01,19.78,0.8233,3.49,17.1,21.76
1928-09-01,21.17,0.83,3.51,17.3,23.0
1928-10-01,21.6,0.8367,3.53,17.2,23.58
1928-11-01,23.06,0.8433,3.56,17.2,25.12
1928-12-01,23.15,0.85,3.58,17.1,25.3
1929-01-01,24.86,0.86,3.6,17.1,27.08
1929-02-01,24.99,0.87,3.57,17.1,27.13
1929-03-01,25.43,0.88,3.55,17.0,27.68
1929-04-01,25.28,0.89,3.52,16.9,27.57
1929-05-01,25.66,0.9,3.5,17.0,27.7
1929-06-01,26.15,0.91,3.47,17.1,27.94
1929-07-01,28.48,0.92,3.45,17.3,29.93
1929-08-01,30.1,0.93,3.42,17.3,31.48
1929-09-01,31.3,0.94,3.39,17.3,32.56
1929-10-01,27.99,0.95,3.37,17.3,28.96
1929-11-01,20.58,0.96,3.34,17.3,21.17
1929-12-01,21.4,0.97,3.32,17.2,22.01
1930-01-01,21.71,0.9708,3.29,17.1,22.31
1930-02-01,23.07,0.9717,3.29,17.0,23.7
1930-03-01,23.94,0.9725,3.3,16.9,24.59
1930-04-01,25.46,0.9733,3.3,17.0,25.84
1930-05-01,23.94,0.9742,3.31,16.9,24.31
1930-06-01,21.52,0.975,3.31,16.8,21.87
1930-07-01,21.06,0.9758,3.32,16.6,21.55
1930-08-01,20.79,0.9767,3.32,16.5,21.3
1930-09-01,20.78,0.9775,3.32,16.6,21.07
1930-10-01,17.92,0.9783,3.33,16.5,18.21
1930-11-01,16.62,0.9792,3.33,16.4,16.94
1930-12-01,15.51,0.98,3.34,16.1,16.06
1931-01-01,15.98,0.9667,3.34,15.9,16.71
1931-02-01,17.2,0.9533,3.37,15.7,18.16
1931-03-01,17.53,0.94,3.4,15.6,18.58
1931-04-01,15.86,0.9267,3.42,15.5,16.87
1931-05-01,14.33,0.9133,3.45,15.3,15.4
1931-06-01,13.87,0.9,3.48,15.1,15.06
1931-07-01,14.33,0.8867,3.51,15.1,15.52
1931-08-01,13.9,0.8733,3.54,15.1,15.01
1931-09-01,11.83,0.86,3.57,15.0,12.82
1931-10-01,10.25,0.8467,3.6,14.9,11.15
1931-11-01,10.39,0.8333,3.62,14.7,11.42
1931-12-01,8.44,0.82,3.65,14.6,9.31
1932-01-01,8.3,0.7933,3.68,14.3,9.31
1932-02-01,8.23,0.7667,3.65,14.1,9.34
1932-03-01,8.26,0.74,3.62,14.0,9.41
1932-04-01,6.28,0.7133,3.59,13.9,7.19
1932-05-01,5.51,0.6867,3.56,13.7,6.39
1932-06-01,4.77,0.66,3.53,13.6,5.57
1932-07-01,5.01,0.6333,3.5,13.6,5.84
1932-08-01,7.53,0.6067,3.46,13.5,8.83
1932-09-01,8.26,0.58,3.43,13.4,9.76
1932-10-01,7.12,0.5533,3.4,13.3,8.48
1932-11-01,7.05,0.5267,3.37,13.2,8.46
1932-12-01,6.82,0.5,3.34,13.1,8.26
1933-01-01,7.09,0.495,3.31,12.9,8.73
1933-02-01,6.25,0.49,3.29,12.7,7.83
1933-03-01,6.23,0.485,3.28,12.6,7.87
1933-04-01,6.89,0.48,3.26,12.6,8.72
1933-05-01,8.87,0.475,3.25,12.6,11.25
1933-06-01,10.39,0.47,3.23,12.7,13.1
1933-07-01,11.23,0.465,3.21,13.1,13.75
1933-08-01,10.67,0.46,3.2,13.2,13.0
1933-09-01,10.58,0.455,3.18,13.2,12.92
1933-10-01,9.55,0.45,3.17,13.2,11.7
1933-11-01,9.78,0.445,3.15,13.2,12.01
1933-12-01,9.97,0.44,3.14,13.2,12.28
1934-01-01,10.54,0.4408,3.12,13.2,13.03
1934-02-01,11.32,0.4417,3.09,13.3,13.93
1934-03-01,10.74,0.4425,3.06,13.3,13.25
1934-04-01,10.92,0.4433,3.04,13.3,13.52
1934-05-01,9.81,0.4442,3.01,13.3,12.18
1934-06-01,9.94,0.445,2.98,13.4,12.29
1934-07-01,9.47,0.4458,2.96,13.4,11.74
1934-08-01,9.1,0.4467,2.93,13.4,11.32
1934-09-01,8.88,0.4475,2.9,13.6,10.91
1934-10-01,8.95,0.4483,2.87,13.5,11.11
1934-11-01,9.2,0.4492,2.84,13.5,11.45
1934-12-01,9.26,0.45,2.82,13.4,11.64
1935-01-01,9.26,0.45,2.79,13.6,11.5
1935-02-01,8.98,0.45,2.78,13.7,11.09
1935-03-01,8.41,0.45,2.77,13.7,10.4
1935-04-01,9.04,0.446667,2.75,13.8,11.1
1935-05-01,9.75,0.443333,2.74,13.8,11.99
1935-06-01,10.12,0.44,2.73,13.7,12.54
1935-07-01,10.65,0.44,2.72,13.7,13.2
1935-08-01,11.37,0.44,2.71,13.7,14.11
1935-09-01,11.61,0.44,2.7,13.7,14.42
1935-10-01,11.92,0.45,2.69,13.7,14.83
1935-11-01,13.04,0.46,2.67,13.8,16.13
1935-12-01,13.04,0.47,2.66,13.8,16.16
1936-01-01,13.76,0.48,2.65,13.8,17.09
1936-02-01,14.55,0.49,2.65,13.8,18.1
1936-03-01,14.86,0.5,2.66,13.7,18.66
1936-04-01,14.88,0.516667,2.66,13.7,18.72
1936-05-01,14.09,0.533333,2.66,13.7,17.75
1936-06-01,14.69,0.55,2.66,13.8,18.39
1936-07-01,15.56,0.57,2.67,13.9,19.36
1936-08-01,15.87,0.59,2.67,14.0,19.62
1936-09-01,16.05,0.61,2.67,14.0,19.86
1936-10-01,16.89,0.646667,2.67,14.0,20.91
1936-11-01,17.36,0.683333,2.67,14.0,21.5
1936-12-01,17.06,0.72,2.68,14.0,21.13
1937-01-01,17.59,0.73,2.68,14.1,21.62
1937-02-01,18.11,0.74,2.67,14.1,22.24
1937-03-01,18.09,0.75,2.66,14.2,22.04
1937-04-01,17.01,0.78,2.65,14.3,20.56
1937-05-01,16.25,0.81,2.64,14.4,19.47
1937-06-01,15.64,0.84,2.63,14.4,18.71
1937-07-01,16.57,0.816667,2.62,14.5,19.65
1937-08-01,16.74,0.793333,2.61,14.5,19.81
1937-09-01,14.37,0.77,2.6,14.6,16.85
1937-10-01,12.28,0.78,2.59,14.6,14.36
1937-11-01,11.2,0.79,2.58,14.5,13.16
1937-12-01,11.02,0.8,2.57,14.4,13.01
1938-01-01,11.31,0.793333,2.56,14.2,13.51
1938-02-01,11.04,0.786667,2.54,14.1,13.26
1938-03-01,10.31,0.78,2.53,14.1,12.38
1938-04-01,9.89,0.766667,2.51,14.2,11.79
1938-05-01,9.98,0.753333,2.49,14.1,11.99
1938-06-01,10.21,0.74,2.48,14.1,12.29
1938-07-01,12.24,0.713333,2.46,14.1,14.77
1938-08-01,12.31,0.686667,2.44,14.1,14.9
1938-09-01,11.75,0.66,2.43,14.1,14.28
1938-10-01,13.06,0.61,2.41,14.0,16.06
1938-11-01,13.07,0.56,2.39,14.0,16.15
1938-12-01,12.69,0.51,2.38,14.0,15.76
1939-01-01,12.5,0.513333,2.36,14.0,15.6
1939-02-01,12.4,0.516667,2.35,13.9,15.66
1939-03-01,12.39,0.52,2.33,13.9,15.73
1939-04-01,10.83,0.523333,2.32,13.8,13.92
1939-05-01,11.23,0.526667,2.31,13.8,14.5
1939-06-01,11.43,0.53,2.3,13.8,14.83
1939-07-01,11.71,0.54,2.29,13.8,15.27
1939-08-01,11.54,0.55,2.27,13.8,15.12
1939-09-01,12.77,0.56,2.26,14.1,16.45
1939-10-01,12.9,0.58,2.25,14.0,16.82
1939-11-01,12.67,0.6,2.24,14.0,16.6
1939-12-01,12.37,0.62,2.22,14.0,16.28
1940-01-01,12.3,0.623333,2.21,13.9,16.38
1940-02-01,12.22,0.626667,2.19,14.0,16.22
1940-03-01,12.15,0.63,2.17,14.0,16.17
1940-04-01,12.27,0.636667,2.15,14.0,16.37
1940-05-01,10.58,0.643333,2.12,14.0,14.14
1940-06-01,9.67,0.65,2.1,14.1,12.84
1940-07-01,9.99,0.656667,2.08,14.0,13.37
1940-08-01,10.2,0.663333,2.06,14.0,13.65
1940-09-01,10.63,0.67,2.04,14.0,14.21
1940-10-01,10.73,0.67,2.02,14.0,14.33
1940-11-01,10.98,0.67,1.99,14.0,14.64
1940-12-01,10.53,0.67,1.97,14.1,13.91
1941-01-01,10.55,0.673333,1.95,14.1,13.9
1941-02-01,9.89,0.676667,1.99,14.1,13.0
1941-03-01,9.95,0.68,2.04,14.2,12.96
1941-04-01,9.64,0.683333,2.08,14.3,12.43
1941-05-01,9.43,0.686667,2.12,14.4,12.04
1941-06-01,9.76,0.69,2.16,14.7,12.16
1941-07-01,10.26,0.693333,2.21,14.7,12.74
1941-08-01,10.21,0.696667,2.25,14.9,12.46
1941-09-01,10.24,0.7,2.29,15.1,12.28
1941-10-01,9.83,0.703333,2.33,15.3,11.58
1941-11-01,9.37,0.706667,2.38,15.4,10.91
1941-12-01,8.76,0.71,2.42,15.5,10.09
1942-01-01,8.93,0.703333,2.46,15.7,10.1
1942-02-01,8.65,0.696667,2.46,15.8,9.68
1942-03-01,8.18,0.69,2.46,16.0,9.0
1942-04-01,7.84,0.68,2.46,16.1,8.54
1942-05-01,7.93,0.67,2.46,16.3,8.51
1942-06-01,8.33,0.66,2.46,16.3,8.91
1942-07-01,8.64,0.646667,2.46,16.4,9.15
1942-08-01,8.59,0.633333,2.47,16.5,9.01
1942-09-01,8.68,0.62,2.47,16.5,9.08
1942-10-01,9.32,0.61,2.47,16.7,9.6
1942-11-01,9.47,0.6,2.47,16.8,9.66
1942-12-01,9.52,0.59,2.47,16.9,9.62
1943-01-01,10.09,0.59,2.47,16.9,10.15
1943-02-01,10.69,0.59,2.47,16.9,10.71
1943-03-01,11.07,0.59,2.47,17.2,10.85
1943-04-01,11.44,0.59,2.47,17.4,11.04
1943-05-01,11.89,0.59,2.47,17.5,11.36
1943-06-01,12.1,0.59,2.47,17.5,11.52
1943-07-01,12.35,0.593333,2.48,17.4,11.77
1943-08-01,11.74,0.596667,2.48,17.3,11.21
1943-09-01,11.99,0.6,2.48,17.4,11.34
1943-10-01,11.88,0.603333,2.48,17.4,11.19
1943-11-01,11.33,0.606667,2.48,17.4,10.63
1943-12-01,11.48,0.61,2.48,17.4,10.74
1944-01-01,11.85,0.613333,2.48,17.4,11.05
1944-02-01,11.77,0.616667,2.47,17.4,10.95
1944-03-01,12.1,0.62,2.46,17.4,11.22
1944-04-01,11.89,0.623333,2.45,17.5,10.94
1944-05-01,12.1,0.626667,2.44,17.5,11.1
1944-06-01,12.67,0.63,2.43,17.6,11.53
1944-07-01,13.0,0.633333,2.42,17.7,11.74
1944-08-01,12.81,0.636667,2.42,17.7,11.54
1944-09-01,12.6,0.64,2.41,17.7,11.33
1944-10-01,12.91,0.64,2.4,17.7,11.58
1944-11-01,12.82,0.64,2.39,17.7,11.48
1944-12-01,13.1,0.64,2.38,17.8,11.64
1945-01-01,13.49,0.643333,2.37,17.8,11.96
1945-02-01,13.94,0.646667,2.35,17.8,12.34
1945-03-01,13.93,0.65,2.34,17.8,12.32
1945-04-01,14.28,0.65,2.33,17.8,12.63
1945-05-01,14.82,0.65,2.31,17.9,13.04
1945-06-01,15.09,0.65,2.29,18.1,13.13
1945-07-01,14.78,0.653333,2.28,18.1,12.87
1945-08-01,14.83,0.656667,2.27,18.1,12.92
1945-09-01,15.84,0.66,2.25,18.1,13.8
1945-10-01,16.5,0.66,2.24,18.1,14.37
1945-11-01,17.04,0.66,2.22,18.1,14.85
1945-12-01,17.33,0.66,2.21,18.2,15.02
1946-01-01,18.02,0.666667,2.19,18.2,15.62
1946-02-01,18.07,0.673333,2.19,18.1,15.76
1946-03-01,17.53,0.68,2.2,18.3,15.13
1946-04-01,18.66,0.68,2.21,18.4,16.04
1946-05-01,18.7,0.68,2.21,18.5,16.01
1946-06-01,18.58,0.68,2.21,18.7,15.77
1946-07-01,18.05,0.683333,2.22,19.8,14.51
1946-08-01,17.7,0.686667,2.23,20.2,13.98
1946-09-01,15.09,0.69,2.23,20.4,11.84
1946-10-01,14.75,0.696667,2.23,20.8,11.39
1946-11-01,14.69,0.703333,2.24,21.3,11.11
1946-12-01,15.13,0.71,2.25,21.5,11.37
1947-01-01,15.21,0.713333,2.25,21.5,11.47
1947-02-01,15.8,0.716667,2.27,21.5,11.95
1947-03-01,15.16,0.72,2.28,21.9,11.29
1947-04-01,14.6,0.733333,2.3,21.9,10.9
1947-05-01,14.34,0.746667,2.31,21.9,10.73
1947-06-01,14.84,0.76,2.33,22.0,11.08
1947-07-01,15.77,0.77,2.34,22.2,11.7
1947-08-01,15.46,0.78,2.36,22.5,11.34
1947-09-01,15.06,0.79,2.38,23.0,10.83
1947-10-01,15.45,0.806667,2.39,23.0,11.13
1947-11-01,15.27,0.823333,2.41,23.1,10.98
1947-12-01,15.03,0.84,2.42,23.4,10.68
1948-01-01,14.83,0.843333,2.44,23.7,10.42
1948-02-01,14.1,0.846667,2.43,23.5,10.0
1948-03-01,14.3,0.85,2.42,23.4,10.19
1948-04-01,15.4,0.85,2.41,23.8,10.78
1948-05-01,16.15,0.85,2.4,23.9,11.24
1948-06-01,16.82,0.85,2.39,24.1,11.58
1948-07-01,16.42,0.856667,2.38,24.4,11.13
1948-08-01,15.94,0.863333,2.36,24.5,10.72
1948-09-01,15.76,0.87,2.35,24.5,10.55
1948-10-01,16.19,0.89,2.34,24.4,10.83
1948-11-01,15.29,0.91,2.33,24.2,10.25
1948-12-01,15.19,0.93,2.32,24.1,10.16
1949-01-01,15.36,0.946667,2.31,24.0,10.25
1949-02-01,14.77,0.963333,2.31,23.8,9.87
1949-03-01,14.91,0.98,2.31,23.8,9.9
1949-04-01,14.89,0.993333,2.31,23.9,9.78
1949-05-01,14.78,1.00667,2.31,23.8,9.69
1949-06-01,13.97,1.02,2.31,23.9,9.07
1949-07-01,14.76,1.02667,2.31,23.7,9.61
1949-08-01,15.29,1.03333,2.32,23.8,9.85
1949-09-01,15.49,1.04,2.32,23.9,9.88
1949-10-01,15.89,1.07333,2.32,23.7,10.17
1949-11-01,16.11,1.10667,2.32,23.8,10.22
1949-12-01,16.54,1.14,2.32,23.6,10.53
1950-01-01,16.88,1.15,2.32,23.5,10.75
1950-02-01,17.21,1.16,2.34,23.5,10.91
1950-03-01,17.35,1.17,2.36,23.6,10.91
1950-04-01,17.84,1.18,2.38,23.6,11.18
1950-05-01,18.44,1.19,2.4,23.7,11.46
1950-06-01,18.74,1.2,2.42,23.8,11.55
1950-07-01,17.38,1.24333,2.44,24.1,10.54
1950-08-01,18.43,1.28667,2.47,24.3,11.04
1950-09-01,19.08,1.33,2.49,24.4,11.34
1950-10-01,19.87,1.37667,2.51,24.6,11.66
1950-11-01,19.83,1.42333,2.53,24.7,11.54
1950-12-01,19.75,1.47,2.55,25.0,11.31
1951-01-01,21.21,1.48667,2.57,25.4,11.9
1951-02-01,22.0,1.50333,2.58,25.7,12.14
1951-03-01,21.63,1.52,2.59,25.8,11.84
1951-04-01,21.92,1.53333,2.6,25.8,11.95
1951-05-01,21.93,1.54667,2.61,25.9,11.86
1951-06-01,21.55,1.56,2.62,25.9,11.62
1951-07-01,21.93,1.54667,2.62,25.9,11.78
1951-08-01,22.89,1.53333,2.63,25.9,12.26
1951-09-01,23.48,1.52,2.64,26.1,12.44
1951-10-01,23.36,1.48333,2.65,26.2,12.31
1951-11-01,22.71,1.44667,2.66,26.4,11.85
1951-12-01,23.41,1.41,2.67,26.5,12.15
1952-01-01,24.19,1.41333,2.68,26.5,12.53
1952-02-01,23.75,1.41667,2.69,26.3,12.36
1952-03-01,23.81,1.42,2.71,26.3,12.36
1952-04-01,23.74,1.43,2.72,26.4,12.24
1952-05-01,23.73,1.44,2.73,26.4,12.2
1952-06-01,24.38,1.45,2.74,26.5,12.45
1952-07-01,25.08,1.45,2.75,26.7,12.67
1952-08-01,25.18,1.45,2.77,26.7,12.68
1952-09-01,24.78,1.45,2.78,26.7,12.43
1952-10-01,24.26,1.43667,2.79,26.7,12.13
1952-11-01,25.03,1.42333,2.81,26.7,12.47
1952-12-01,26.04,1.41,2.82,26.7,12.93
1953-01-01,26.18,1.41,2.83,26.6,13.01
1953-02-01,25.86,1.41,2.8,26.5,12.86
1953-03-01,25.99,1.41,2.77,26.6,12.83
1953-04-01,24.71,1.41333,2.83,26.6,12.16
1953-05-01,24.84,1.41667,3.05,26.7,12.14
1953-06-01,23.95,1.42,3.11,26.8,11.62
1953-07-01,24.29,1.42,2.93,26.8,11.75
1953-08-01,24.39,1.42,2.95,26.9,11.72
1953-09-01,23.27,1.42,2.87,26.9,11.14
1953-10-01,23.97,1.43,2.66,27.0,11.39
1953-11-01,24.5,1.44,2.68,26.9,11.64
1953-12-01,24.83,1.45,2.59,26.9,11.75
1954-01-01,25.46,1.45667,2.48,26.9,12.0
1954-02-01,26.02,1.46333,2.47,26.9,12.22
1954-03-01,26.57,1.47,2.37,26.9,12.42
1954-04-01,27.63,1.46333,2.29,26.8,12.91
1954-05-01,28.73,1.45667,2.37,26.9,13.31
1954-06-01,28.96,1.45,2.38,26.9,13.36
1954-07-01,30.13,1.45667,2.3,26.9,13.83
1954-08-01,30.73,1.46333,2.36,26.9,14.04
1954-09-01,31.45,1.47,2.38,26.8,14.36
1954-10-01,32.18,1.49333,2.43,26.8,14.62
1954-11-01,33.44,1.51667,2.48,26.8,15.12
1954-12-01,34.97,1.54,2.51,26.7,15.79
1955-01-01,35.6,1.54667,2.61,26.7,15.99
1955-02-01,36.79,1.55333,2.65,26.7,16.44
1955-03-01,36.5,1.56,2.68,26.7,16.22
1955-04-01,37.76,1.56333,2.75,26.7,16.69
1955-05-01,37.6,1.56667,2.76,26.7,16.52
1955-06-01,39.78,1.57,2.78,26.7,17.37
1955-07-01,42.69,1.58667,2.9,26.8,18.45
1955-08-01,42.43,1.60333,2.97,26.8,18.22
1955-09-01,44.34,1.62,2.97,26.9,18.84
1955-10-01,42.11,1.62667,2.88,26.9,17.77
1955-11-01,44.95,1.63333,2.89,26.9,18.84
1955-12-01,45.37,1.64,2.96,26.8,18.94
1956-01-01,44.15,1.67,2.9,26.8,18.29
1956-02-01,44.43,1.7,2.84,26.8,18.27
1956-03-01,47.49,1.73,2.96,26.8,19.37
1956-04-01,48.05,1.75333,3.18,26.9,19.37
1956-05-01,46.54,1.77667,3.07,27.0,18.54
1956-06-01,46.27,1.8,3.0,27.2,18.16
1956-07-01,48.78,1.81333,3.11,27.4,18.86
1956-08-01,48.49,1.82667,3.33,27.3,18.67
1956-09-01,46.84,1.84,3.38,27.4,17.84
1956-10-01,46.24,1.80667,3.34,27.5,17.42
1956-11-01,45.76,1.77333,3.49,27.5,17.12
1956-12-01,46.44,1.74,3.59,27.6,17.2
1957-01-01,45.43,1.73667,3.46,27.6,16.72
1957-02-01,43.47,1.73333,3.34,27.7,15.84
1957-03-01,44.03,1.73,3.41,27.8,15.9
1957-04-01,45.05,1.73,3.48,27.9,16.12
1957-05-01,46.78,1.73,3.6,28.0,16.6
1957-06-01,47.55,1.73,3.8,28.1,16.73
1957-07-01,48.51,1.74,3.93,28.3,16.87
1957-08-01,45.84,1.75,3.93,28.3,15.87
1957-09-01,43.98,1.76,3.92,28.3,15.16
1957-10-01,41.24,1.77,3.97,28.3,14.15
1957-11-01,40.35,1.78,3.72,28.4,13.74
1957-12-01,40.33,1.79,3.21,28.4,13.67
1958-01-01,41.12,1.78333,3.09,28.6,13.79
1958-02-01,41.26,1.77667,3.05,28.6,13.78
1958-03-01,42.11,1.77,2.98,28.8,13.93
1958-04-01,42.34,1.75667,2.88,28.9,13.91
1958-05-01,43.7,1.74333,2.92,28.9,14.32
1958-06-01,44.75,1.73,2.97,28.9,14.64
1958-07-01,45.98,1.73,3.2,29.0,14.96
1958-08-01,47.7,1.73,3.54,28.9,15.54
1958-09-01,48.96,1.73,3.76,28.9,15.93
1958-10-01,50.95,1.73667,3.8,28.9,16.56
1958-11-01,52.5,1.74333,3.74,29.0,16.99
1958-12-01,53.49,1.75,3.86,28.9,17.36
1959-01-01,55.62,1.75667,4.02,29.0,17.98
1959-02-01,54.77,1.76333,3.96,28.9,17.76
1959-03-01,56.16,1.77,3.99,28.9,18.2
1959-04-01,57.1,1.77667,4.12,29.0,18.43
1959-05-01,57.96,1.78333,4.31,29.0,18.69
1959-06-01,57.46,1.79,4.34,29.1,18.45
1959-07-01,59.74,1.79667,4.4,29.2,19.09
1959-08-01,59.4,1.80333,4.43,29.2,18.96
1959-09-01,57.05,1.81,4.68,29.3,18.12
1959-10-01,57.0,1.81667,4.53,29.4,18.02
1959-11-01,57.23,1.82333,4.53,29.4,18.07
1959-12-01,59.06,1.83,4.69,29.4,18.62
1960-01-01,58.03,1.86667,4.72,29.3,18.34
1960-02-01,55.78,1.90333,4.49,29.4,17.55
1960-03-01,55.02,1.94,4.25,29.4,17.29
1960-04-01,55.73,1.94333,4.28,29.5,17.43
1960-05-01,55.22,1.94667,4.35,29.5,17.26
1960-06-01,57.26,1.95,4.15,29.6,17.82
1960-07-01,55.84,1.95,3.9,29.6,17.38
1960-08-01,56.51,1.95,3.8,29.6,17.58
1960-09-01,54.81,1.95,3.8,29.6,17.05
1960-10-01,53.73,1.95,3.89,29.8,16.61
1960-11-01,55.47,1.95,3.93,29.8,17.15
1960-12-01,56.8,1.95,3.84,29.8,17.56
1961-01-01,59.72,1.94667,3.84,29.8,18.47
1961-02-01,62.17,1.94333,3.78,29.8,19.23
1961-03-01,64.12,1.94,3.74,29.8,19.84
1961-04-01,65.83,1.94,3.78,29.8,20.38
1961-05-01,66.5,1.94,3.71,29.8,20.6
1961-06-01,65.62,1.94,3.88,29.8,20.33
1961-07-01,65.44,1.94667,3.92,30.0,20.15
1961-08-01,67.79,1.95333,4.04,29.9,20.94
1961-09-01,67.26,1.96,3.98,30.0,20.71
1961-10-01,68.0,1.98,3.92,30.0,20.92
1961-11-01,71.08,2.0,3.94,30.0,21.86
1961-12-01,71.74,2.02,4.06,30.0,22.04
1962-01-01,69.07,2.02667,4.08,30.0,21.2
1962-02-01,70.22,2.03333,4.04,30.1,21.45
1962-03-01,70.29,2.04,3.93,30.1,21.44
1962-04-01,68.05,2.04667,3.84,30.2,20.66
1962-05-01,62.99,2.05333,3.87,30.2,19.09
1962-06-01,55.63,2.06,3.91,30.2,16.83
1962-07-01,56.97,2.06667,4.01,30.3,17.14
1962-08-01,58.52,2.07333,3.98,30.3,17.57
1962-09-01,58.0,2.08,3.98,30.4,17.32
1962-10-01,56.17,2.09667,3.93,30.4,16.74
1962-11-01,60.04,2.11333,3.92,30.4,17.85
1962-12-01,62.64,2.13,3.86,30.4,18.59
1963-01-01,65.06,2.13667,3.83,30.4,19.26
1963-02-01,65.92,2.14333,3.92,30.4,19.47
1963-03-01,65.67,2.15,3.93,30.5,19.29
1963-04-01,68.76,2.16667,3.97,30.5,20.15
1963-05-01,70.14,2.18333,3.93,30.5,20.51
1963-06-01,70.11,2.2,3.99,30.6,20.38
1963-07-01,69.07,2.20333,4.02,30.7,19.97
1963-08-01,70.98,2.20667,4.0,30.7,20.47
1963-09-01,72.85,2.21,4.08,30.7,20.96
1963-10-01,73.03,2.23333,4.11,30.8,20.89
1963-11-01,72.62,2.25667,4.12,30.8,20.72
1963-12-01,74.17,2.28,4.13,30.9,21.04
1964-01-01,76.45,2.29667,4.17,30.9,21.63
1964-02-01,77.39,2.31333,4.15,30.9,21.83
1964-03-01,78.8,2.33,4.22,30.9,22.17
1964-04-01,79.94,2.34667,4.23,30.9,22.42
1964-05-01,80.72,2.36333,4.2,30.9,22.57
1964-06-01,80.24,2.38,4.17,31.0,22.3
1964-07-01,83.22,2.4,4.19,31.1,22.98
1964-08-01,82.0,2.42,4.19,31.0,22.65
1964-09-01,83.41,2.44,4.2,31.1,22.89
1964-10-01,84.85,2.46,4.19,31.1,23.21
1964-11-01,85.44,2.48,4.15,31.2,23.23
1964-12-01,83.96,2.5,4.18,31.2,22.75
1965-01-01,86.12,2.51667,4.19,31.2,23.27
1965-02-01,86.75,2.53333,4.21,31.2,23.37
1965-03-01,86.83,2.55,4.21,31.3,23.25
1965-04-01,87.97,2.57,4.2,31.4,23.42
1965-05-01,89.28,2.59,4.21,31.4,23.71
1965-06-01,85.04,2.61,4.21,31.6,22.39
1965-07-01,84.91,2.62667,4.2,31.6,22.3
1965-08-01,86.49,2.64333,4.25,31.6,22.67
1965-09-01,89.38,2.66,4.29,31.6,23.37
1965-10-01,91.39,2.68,4.35,31.7,23.78
1965-11-01,92.15,2.7,4.45,31.7,23.93
1965-12-01,91.73,2.72,4.62,31.8,23.69
1966-01-01,93.32,2.74,4.61,31.8,24.06
1966-02-01,92.69,2.76,4.83,32.0,23.7
1966-03-01,88.88,2.78,4.87,32.1,22.61
1966-04-01,91.6,2.79667,4.75,32.3,23.11
1966-05-01,86.78,2.81333,4.78,32.3,21.85
1966-06-01,86.06,2.83,4.81,32.4,21.56
1966-07-01,85.84,2.85,5.02,32.5,21.38
1966-08-01,80.65,2.87,5.22,32.7,19.91
1966-09-01,77.81,2.89,5.18,32.7,19.16
1966-10-01,77.13,2.88333,5.01,32.9,18.83
1966-11-01,80.99,2.87667,5.16,32.9,19.71
1966-12-01,81.33,2.87,4.84,32.9,19.74
1967-01-01,84.45,2.88,4.58,32.9,20.43
1967-02-01,87.36,2.89,4.63,32.9,21.07
1967-03-01,89.42,2.9,4.54,33.0,21.44
1967-04-01,90.96,2.9,4.59,33.1,21.69
1967-05-01,92.59,2.9,4.85,33.2,21.95
1967-06-01,91.43,2.9,5.02,33.3,21.55
1967-07-01,93.01,2.90667,5.16,33.4,21.8
1967-08-01,94.49,2.91333,5.28,33.5,22.03
1967-09-01,95.81,2.92,5.3,33.6,22.22
1967-10-01,95.66,2.92,5.48,33.7,22.07
1967-11-01,92.66,2.92,5.75,33.8,21.26
1967-12-01,95.3,2.92,5.7,33.9,21.75
1968-01-01,95.04,2.93,5.53,34.1,21.51
1968-02-01,90.75,2.94,5.56,34.2,20.42
1968-03-01,89.09,2.95,5.74,34.3,19.93
1968-04-01,95.67,2.96333,5.64,34.4,21.28
1968-05-01,97.87,2.97667,5.87,34.5,21.63
1968-06-01,100.5,2.99,5.72,34.7,22.0
1968-07-01,100.3,3.00333,5.5,34.9,21.75
1968-08-01,98.11,3.01667,5.42,35.0,21.14
1968-09-01,101.3,3.03,5.46,35.1,21.68
1968-10-01,103.8,3.04333,5.58,35.3,22.0
1968-11-01,105.4,3.05667,5.7,35.4,22.2
1968-12-01,106.5,3.07,6.03,35.5,22.28
1969-01-01,102.0,3.08,6.04,35.6,21.19
1969-02-01,101.5,3.09,6.19,35.8,20.9
1969-03-01,99.3,3.1,6.3,36.1,20.2
1969-04-01,101.3,3.11,6.17,36.3,20.43
1969-05-01,104.6,3.12,6.32,36.4,20.97
1969-06-01,99.14,3.13,6.57,36.6,19.71
1969-07-01,94.71,3.13667,6.72,36.8,18.68
1969-08-01,94.18,3.14333,6.69,37.0,18.43
1969-09-01,94.51,3.15,7.16,37.1,18.4
1969-10-01,95.52,3.15333,7.1,37.3,18.45
1969-11-01,96.21,3.15667,7.14,37.5,18.44
1969-12-01,91.11,3.16,7.65,37.7,17.33
1970-01-01,90.31,3.16333,7.79,37.8,17.09
1970-02-01,87.16,3.16667,7.24,38.0,16.37
1970-03-01,88.65,3.17,7.07,38.2,16.53
1970-04-01,85.95,3.17333,7.39,38.5,15.87
1970-05-01,76.06,3.17667,7.91,38.6,13.98
1970-06-01,75.59,3.18,7.84,38.8,13.8
1970-07-01,75.72,3.18333,7.46,39.0,13.73
1970-08-01,77.92,3.18667,7.53,39.0,14.1
1970-09-01,82.58,3.19,7.39,39.2,14.84
1970-10-01,84.37,3.17333,7.33,39.4,15.06
1970-11-01,84.28,3.15667,6.84,39.6,14.95
1970-12-01,90.05,3.14,6.39,39.8,15.87
1971-01-01,93.49,3.13,6.24,39.8,16.46
1971-02-01,97.11,3.12,6.11,39.9,17.03
1971-03-01,99.6,3.11,5.7,40.0,17.4
1971-04-01,103.0,3.10667,5.83,40.1,17.92
1971-05-01,101.6,3.10333,6.39,40.3,17.56
1971-06-01,99.72,3.1,6.52,40.6,17.08
1971-07-01,99.0,3.09667,6.73,40.7,16.89
1971-08-01,97.24,3.09333,6.58,40.8,16.52
1971-09-01,99.4,3.09,6.14,40.8,16.86
1971-10-01,97.29,3.08333,5.93,40.9,16.43
1971-11-01,92.78,3.07667,5.81,40.9,15.64
1971-12-01,99.17,3.07,5.93,41.1,16.6
1972-01-01,103.3,3.07,5.95,41.1,17.26
1972-02-01,105.2,3.07,6.08,41.3,17.46
1972-03-01,107.7,3.07,6.07,41.4,17.81
1972-04-01,108.8,3.07,6.19,41.5,17.92
1972-05-01,107.7,3.07,6.13,41.6,17.66
1972-06-01,108.0,3.07,6.11,41.7,17.64
1972-07-01,107.2,3.07333,6.11,41.9,17.4
1972-08-01,111.0,3.07667,6.21,42.0,17.94
1972-09-01,109.4,3.08,6.55,42.1,17.61
1972-10-01,109.6,3.10333,6.48,42.3,17.53
1972-11-01,115.1,3.12667,6.28,42.4,18.34
1972-12-01,117.5,3.15,6.36,42.5,18.65
1973-01-01,118.4,3.15667,6.46,42.6,18.71
1973-02-01,114.2,3.16333,6.64,42.9,17.89
1973-03-01,112.4,3.17,6.71,43.3,17.41
1973-04-01,110.3,3.18667,6.67,43.6,16.94
1973-05-01,107.2,3.20333,6.85,43.9,16.31
1973-06-01,104.8,3.22,6.9,44.2,15.81
1973-07-01,105.8,3.23667,7.13,44.3,15.89
1973-08-01,103.8,3.25333,7.4,45.1,15.28
1973-09-01,105.6,3.27,7.09,45.2,15.48
1973-10-01,109.8,3.30667,6.79,45.6,15.91
1973-11-01,102.0,3.34333,6.73,45.9,14.65
1973-12-01,94.78,3.38,6.74,46.2,13.49
1974-01-01,96.11,3.4,6.99,46.6,13.53
1974-02-01,93.45,3.42,6.96,47.2,12.96
1974-03-01,97.44,3.44,7.21,47.8,13.31
1974-04-01,92.46,3.46,7.51,48.0,12.55
1974-05-01,89.67,3.48,7.58,48.6,12.0
1974-06-01,89.79,3.5,7.54,49.0,11.89
1974-07-01,79.31,3.53,7.81,49.4,10.39
1974-08-01,76.03,3.56,8.04,50.0,9.82
1974-09-01,68.12,3.59,8.04,50.6,8.68
1974-10-01,69.44,3.59333,7.9,51.1,8.74
1974-11-01,71.74,3.59667,7.68,51.5,8.95
1974-12-01,67.07,3.6,7.43,51.9,8.29
1975-01-01,72.56,3.62333,7.5,52.1,8.92
1975-02-01,80.1,3.64667,7.39,52.5,9.76
1975-03-01,83.78,3.67,7.73,52.7,10.16
1975-04-01,84.72,3.68333,8.23,52.9,10.23
1975-05-01,90.1,3.69667,8.06,53.2,10.82
1975-06-01,92.4,3.71,7.86,53.6,11.01
1975-07-01,92.49,3.71,8.06,54.2,10.9
1975-08-01,85.71,3.71,8.4,54.3,10.09
1975-09-01,84.67,3.71,8.43,54.6,9.92
1975-10-01,88.57,3.7,8.14,54.9,10.33
1975-11-01,90.07,3.69,8.05,55.3,10.44
1975-12-01,88.7,3.68,8.0,55.5,10.25
1976-01-01,96.86,3.68333,7.74,55.6,11.19
1976-02-01,100.6,3.68667,7.79,55.8,11.59
1976-03-01,101.1,3.69,7.73,55.9,11.63
1976-04-01,101.9,3.71333,7.56,56.1,11.69
1976-05-01,101.2,3.73667,7.9,56.5,11.53
1976-06-01,101.8,3.76,7.86,56.8,11.54
1976-07-01,104.2,3.79,7.83,57.1,11.76
1976-08-01,103.3,3.82,7.77,57.4,11.6
1976-09-01,105.5,3.85,7.59,57.6,11.81
1976-10-01,101.9,3.91667,7.41,57.9,11.35
1976-11-01,101.2,3.98333,7.29,58.0,11.25
1976-12-01,104.7,4.05,6.87,58.2,11.6
1977-01-01,103.8,4.09667,7.21,58.5,11.44
1977-02-01,101.0,4.14333,7.39,59.1,11.01
1977-03-01,100.6,4.19,7.46,59.5,10.9
1977-04-01,99.05,4.24667,7.37,60.0,10.64
1977-05-01,98.76,4.30333,7.46,60.3,10.55
1977-06-01,99.29,4.36,7.28,60.7,10.53
1977-07-01,100.2,4.40667,7.33,61.0,10.57
1977-08-01,97.75,4.45333,7.4,61.2,10.27
1977-09-01,96.23,4.5,7.34,61.4,10.07
1977-10-01,93.74,4.55667,7.52,61.6,9.77
1977-11-01,94.28,4.61333,7.58,61.9,9.77
1977-12-01,93.82,4.67,7.69,62.1,9.68
1978-01-01,90.25,4.71333,7.96,62.5,9.24
1978-02-01,88.98,4.75667,8.03,62.9,9.05
1978-03-01,88.82,4.8,8.04,63.4,8.95
1978-04-01,92.71,4.83667,8.15,63.9,9.26
1978-05-01,97.41,4.87333,8.35,64.5,9.63
1978-06-01,97.66,4.91,8.46,65.2,9.55
1978-07-01,97.19,4.94667,8.64,65.7,9.43
1978-08-01,103.9,4.98333,8.41,66.0,10.02
1978-09-01,103.9,5.02,8.42,66.5,9.94
1978-10-01,100.6,5.03667,8.64,67.1,9.53
1978-11-01,94.71,5.05333,8.81,67.4,8.93
1978-12-01,96.11,5.07,9.01,67.7,9.01
1979-01-01,99.71,5.11333,9.1,68.3,9.26
1979-02-01,98.23,5.15667,9.1,69.1,9.0
1979-03-01,100.1,5.2,9.12,69.8,9.07
1979-04-01,102.1,5.24667,9.18,70.6,9.13
1979-05-01,99.73,5.29333,9.25,71.5,8.79
1979-06-01,101.7,5.34,8.91,72.3,8.85
1979-07-01,102.7,5.39667,8.95,73.1,8.83
1979-08-01,107.4,5.45333,9.03,73.8,9.13
1979-09-01,108.6,5.51,9.33,74.6,9.11
1979-10-01,104.5,5.55667,10.3,75.2,8.68
1979-11-01,103.7,5.60333,10.65,75.9,8.52
1979-12-01,107.8,5.65,10.39,76.7,8.75
1980-01-01,110.9,5.7,10.8,77.8,8.85
1980-02-01,115.3,5.75,12.41,78.9,9.05
1980-03-01,104.7,5.8,12.75,80.1,8.08
1980-04-01,103.0,5.84667,11.47,81.0,7.84
1980-05-01,107.7,5.89333,10.18,81.8,8.1
1980-06-01,114.6,5.94,9.78,82.7,8.51
1980-07-01,119.8,5.98333,10.25,82.7,8.88
1980-08-01,123.5,6.02667,11.1,83.3,9.07
1980-09-01,126.5,6.07,11.51,84.0,9.2
1980-10-01,130.2,6.1,11.75,84.8,9.36
1980-11-01,135.7,6.13,12.68,85.5,9.65
1980-12-01,133.5,6.16,12.84,86.3,9.39
1981-01-01,133.0,6.2,12.57,87.0,9.26
1981-02-01,128.4,6.24,13.19,87.9,8.83
1981-03-01,133.2,6.28,13.12,88.5,9.08
1981-04-01,134.4,6.31667,13.68,89.1,9.09
1981-05-01,131.7,6.35333,14.1,89.8,8.82
1981-06-01,132.3,6.39,13.47,90.6,8.77
1981-07-01,129.1,6.43333,14.28,91.6,8.45
1981-08-01,129.6,6.47667,14.94,92.3,8.4
1981-09-01,118.3,6.52,15.32,93.2,7.58
1981-10-01,119.8,6.55667,15.15,93.4,7.65
1981-11-01,122.9,6.59333,13.39,93.7,7.81
1981-12-01,123.8,6.63,13.72,94.0,7.83
1982-01-01,117.3,6.66,14.59,94.3,7.39
1982-02-01,114.5,6.69,14.43,94.6,7.18
1982-03-01,110.8,6.72,13.86,94.5,6.95
1982-04-01,116.3,6.75,13.87,94.9,7.26
1982-05-01,116.4,6.78,13.62,95.8,7.19
1982-06-01,109.7,6.81,14.3,97.0,6.69
1982-07-01,109.4,6.82333,13.95,97.5,6.64
1982-08-01,109.7,6.83667,13.06,97.7,6.64
1982-09-01,122.4,6.85,12.34,97.9,7.4
1982-10-01,132.7,6.85667,10.91,98.2,8.0
1982-11-01,138.1,6.86333,10.55,98.0,8.35
1982-12-01,139.4,6.87,10.54,97.6,8.47
1983-01-01,144.3,6.88333,10.46,97.8,8.76
1983-02-01,146.8,6.89667,10.72,97.9,8.91
1983-03-01,151.9,6.91,10.51,97.9,9.23
1983-04-01,157.7,6.92,10.4,98.6,9.53
1983-05-01,164.1,6.93,10.38,99.2,9.87
1983-06-01,166.4,6.94,10.85,99.5,10.0
1983-07-01,167.0,6.96,11.38,99.9,10.01
1983-08-01,162.4,6.98,11.85,100.2,9.73
1983-09-01,167.2,7.0,11.65,100.7,9.98
1983-10-01,167.7,7.03,11.54,101.0,10.0
1983-11-01,165.2,7.06,11.69,101.2,9.85
1983-12-01,164.4,7.09,11.83,101.3,9.82
1984-01-01,166.4,7.12,11.67,101.9,9.89
1984-02-01,157.3,7.15,11.84,102.4,9.32
1984-03-01,157.4,7.18,12.32,102.6,9.33
1984-04-01,157.6,7.22333,12.63,103.1,9.31
1984-05-01,156.6,7.26667,13.41,103.4,9.23
1984-06-01,153.1,7.31,13.56,103.7,9.01
1984-07-01,151.1,7.33333,13.36,104.1,8.87
1984-08-01,164.4,7.35667,12.72,104.5,9.62
1984-09-01,166.1,7.38,12.52,105.0,9.69
1984-10-01,164.8,7.43,12.16,105.3,9.6
1984-11-01,166.3,7.48,11.57,105.3,9.69
1984-12-01,164.5,7.53,11.5,105.3,9.6
1985-01-01,171.6,7.57333,11.38,105.5,10.0
1985-02-01,180.9,7.61667,11.51,106.0,10.49
1985-03-01,179.4,7.66,11.86,106.4,10.37
1985-04-01,180.6,7.68667,11.43,106.9,10.4
1985-05-01,184.9,7.71333,10.85,107.3,10.61
1985-06-01,188.9,7.74,10.16,107.6,10.81
1985-07-01,192.5,7.77333,10.31,107.8,11.0
1985-08-01,188.3,7.80667,10.33,108.0,10.74
1985-09-01,184.1,7.84,10.37,108.3,10.47
1985-10-01,186.2,7.86,10.24,108.7,10.55
1985-11-01,197.5,7.88,9.78,109.0,11.16
1985-12-01,207.3,7.9,9.26,109.3,11.69
1986-01-01,208.2,7.94,9.19,109.6,11.72
1986-02-01,219.4,7.98,8.7,109.3,12.39
1986-03-01,232.3,8.02,7.78,108.8,13.19
1986-04-01,238.0,8.04667,7.3,108.6,13.55
1986-05-01,238.5,8.07333,7.71,108.9,13.56
1986-06-01,245.3,8.1,7.8,109.5,13.89
1986-07-01,240.2,8.14333,7.3,109.5,13.62
1986-08-01,245.0,8.18667,7.17,109.7,13.89
1986-09-01,238.3,8.23,7.45,110.2,13.47
1986-10-01,237.4,8.24667,7.43,110.3,13.43
1986-11-01,245.1,8.26333,7.25,110.4,13.87
1986-12-01,248.6,8.28,7.11,110.5,14.09
1987-01-01,264.5,8.3,7.08,111.2,14.92
1987-02-01,280.9,8.32,7.25,111.6,15.82
1987-03-01,292.5,8.34,7.25,112.1,16.43
1987-04-01,289.3,8.4,8.02,112.7,16.2
1987-05-01,289.1,8.46,8.61,113.1,16.16
1987-06-01,301.4,8.52,8.4,113.5,16.83
1987-07-01,310.1,8.56667,8.45,113.8,17.31
1987-08-01,329.4,8.61333,8.76,114.4,18.33
1987-09-01,318.7,8.66,9.42,115.0,17.68
1987-10-01,280.2,8.71,9.52,115.3,15.53
1987-11-01,245.0,8.76,8.86,115.4,13.59
1987-12-01,241.0,8.81,8.99,115.4,13.39
1988-01-01,250.5,8.85667,8.67,115.7,13.9
1988-02-01,258.1,8.90333,8.21,116.0,14.3
1988-03-01,265.7,8.95,8.37,116.5,14.67
1988-04-01,262.6,9.04333,8.72,117.1,14.43
1988-05-01,256.1,9.13667,9.09,117.5,14.03
1988-06-01,270.7,9.23,8.92,118.0,14.77
1988-07-01,269.1,9.30667,9.06,118.5,14.61
1988-08-01,263.7,9.38333,9.26,119.0,14.24
1988-09-01,268.0,9.46,8.98,119.8,14.37
1988-10-01,277.4,9.55,8.8,120.2,14.81
1988-11-01,271.0,9.64,8.96,120.3,14.45
1988-12-01,276.5,9.75,9.11,120.5,14.7
1989-01-01,285.4,9.81333,9.09,121.1,15.09
1989-02-01,294.0,9.89667,9.17,121.6,15.47
1989-03-01,292.7,10.01,9.36,122.3,15.3
1989-04-01,302.3,10.0867,9.18,123.1,15.69
1989-05-01,313.9,10.1933,8.86,123.8,16.19
1989-06-01,323.7,10.37,8.28,124.1,16.64
1989-07-01,331.9,10.4233,8.02,124.4,17.01
1989-08-01,346.6,10.5467,8.11,124.6,17.73
1989-09-01,347.3,10.73,8.19,125.0,17.71
1989-10-01,347.4,10.7967,8.01,125.6,17.64
1989-11-01,340.2,10.9233,7.87,125.9,17.24
1989-12-01,348.6,11.06,7.84,126.1,17.65
1990-01-01,339.97,11.14,8.21,127.4,17.05
1990-02-01,330.45,11.23,8.47,128.0,16.51
1990-03-01,338.46,11.32,8.59,128.7,16.83
1990-04-01,338.18,11.4367,8.79,128.9,16.81
1990-05-01,350.25,11.5533,8.76,129.2,17.39
1990-06-01,360.39,11.66,8.48,129.9,17.82
1990-07-01,360.03,11.7267,8.47,130.4,17.75
1990-08-01,330.75,11.7833,8.75,131.6,16.17
1990-09-01,315.41,11.83,8.89,132.7,15.3
1990-10-01,307.12,11.9267,8.72,133.5,14.82
1990-11-01,315.29,12.0133,8.39,133.8,15.19
1990-12-01,328.75,12.09,8.08,133.8,15.85
1991-01-01,325.49,12.1067,8.09,134.6,15.61
1991-02-01,362.26,12.1133,7.85,134.8,17.35
1991-03-01,372.28,12.11,8.11,135.0,17.82
1991-04-01,379.68,12.13,8.04,135.2,18.16
1991-05-01,377.99,12.14,8.07,135.6,18.04
1991-06-01,378.29,12.15,8.28,136.0,18.02
1991-07-01,380.23,12.1933,8.27,136.2,18.1
1991-08-01,389.4,12.2367,7.9,136.6,18.51
1991-09-01,387.2,12.28,7.65,137.2,18.36
1991-10-01,386.88,12.2533,7.53,137.4,18.35
1991-11-01,385.92,12.2267,7.42,137.8,18.29
1991-12-01,388.51,12.2,7.09,137.9,18.44
1992-01-01,416.08,12.24,7.03,138.1,19.77
1992-02-01,412.56,12.28,7.34,138.6,19.58
1992-03-01,407.36,12.32,7.54,139.3,19.28
1992-04-01,407.41,12.32,7.48,139.5,19.3
1992-05-01,414.81,12.32,7.39,139.7,19.66
1992-06-01,408.27,12.32,7.26,140.2,19.32
1992-07-01,415.05,12.3433,6.84,140.5,19.62
1992-08-01,417.93,12.3667,6.59,140.9,19.72
1992-09-01,418.48,12.4,6.42,141.3,19.71
1992-10-01,412.5,12.3867,6.59,141.8,19.37
1992-11-01,422.84,12.3833,6.87,142.0,19.83
1992-12-01,435.64,12.39,6.77,141.9,20.45
1993-01-01,435.23,12.4133,6.6,142.6,20.32
1993-02-01,441.7,12.4467,6.26,143.1,20.55
1993-03-01,450.16,12.48,5.98,143.6,20.86
1993-04-01,443.08,12.4933,5.97,144.0,20.46
1993-05-01,445.25,12.5067,6.04,144.2,20.52
1993-06-01,448.06,12.52,5.96,144.4,20.61
1993-07-01,447.29,12.52,5.81,144.4,20.56
1993-08-01,454.13,12.52,5.68,144.8,20.81
1993-09-01,459.24,12.52,5.36,145.1,20.99
1993-10-01,463.9,12.54,5.33,145.7,21.11
1993-11-01,462.89,12.56,5.72,145.8,21.04
1993-12-01,465.95,12.58,5.77,145.8,21.16
1994-01-01,472.99,12.6233,5.75,146.2,21.41
1994-02-01,471.58,12.6667,5.97,146.7,21.26
1994-03-01,463.81,12.71,6.48,147.2,20.83
1994-04-01,447.23,12.7533,6.97,147.4,20.06
1994-05-01,450.9,12.7967,7.18,147.5,20.2
1994-06-01,454.83,12.84,7.1,148.0,20.29
1994-07-01,451.4,12.87,7.3,148.4,20.07
1994-08-01,464.24,12.9,7.24,149.0,20.54
1994-09-01,466.96,12.92,7.46,149.4,20.58
1994-10-01,463.81,13.0133,7.74,149.5,20.4
1994-11-01,461.01,13.0967,7.96,149.7,20.21
1994-12-01,455.19,13.17,7.81,149.7,19.91
1995-01-01,465.25,13.18,7.78,150.3,20.22
1995-02-01,481.92,13.18,7.47,150.9,20.8
1995-03-01,493.15,13.17,7.2,151.4,21.15
1995-04-01,507.91,13.2433,7.06,151.9,21.64
1995-05-01,523.81,13.3067,6.63,152.2,22.2
1995-06-01,539.35,13.36,6.17,152.5,22.72
1995-07-01,557.37,13.44,6.28,152.5,23.38
1995-08-01,559.11,13.51,6.49,152.9,23.28
1995-09-01,578.77,13.58,6.2,153.2,23.95
1995-10-01,582.92,13.65,6.04,153.7,23.93
1995-11-01,595.53,13.72,5.93,153.6,24.35
1995-12-01,614.57,13.79,5.71,153.5,25.03
1996-01-01,614.42,13.8933,5.65,154.4,24.76
1996-02-01,649.54,13.9967,5.81,154.9,25.98
1996-03-01,647.07,14.1,6.27,155.7,25.63
1996-04-01,647.17,14.1567,6.51,156.3,25.42
1996-05-01,661.23,14.2133,6.74,156.6,25.81
1996-06-01,668.5,14.27,6.91,156.7,25.97
1996-07-01,644.07,14.4,6.87,157.0,24.86
1996-08-01,662.68,14.53,6.64,157.3,25.41
1996-09-01,674.88,14.66,6.83,157.8,25.68
1996-10-01,701.46,14.74,6.53,158.3,26.48
1996-11-01,735.67,14.82,6.2,158.6,27.59
1996-12-01,743.25,14.9,6.3,158.6,27.72
1997-01-01,766.22,14.9533,6.58,159.1,28.33
1997-02-01,798.39,15.0067,6.42,159.6,29.27
1997-03-01,792.16,15.06,6.69,160.0,28.8
1997-04-01,763.93,15.0933,6.89,160.2,27.59
1997-05-01,833.09,15.1267,6.71,160.1,29.93
1997-06-01,876.29,15.16,6.49,160.3,31.26
1997-07-01,925.29,15.2167,6.22,160.5,32.77
1997-08-01,927.24,15.2733,6.3,160.8,32.59
1997-09-01,937.02,15.33,6.21,161.2,32.67
1997-10-01,951.16,15.3867,6.03,161.6,32.9
1997-11-01,938.92,15.4433,5.88,161.5,32.34
1997-12-01,962.37,15.5,5.81,161.3,33.03
1998-01-01,963.36,15.55,5.54,161.6,32.86
1998-02-01,1023.74,15.6,5.57,161.9,34.71
1998-03-01,1076.83,15.64,5.65,162.2,36.3
1998-04-01,1112.2,15.75,5.64,162.5,37.28
1998-05-01,1108.42,15.85,5.65,162.8,36.96
1998-06-01,1108.39,15.95,5.5,163.0,36.8
1998-07-01,1156.58,16.0167,5.46,163.2,38.26
1998-08-01,1074.62,16.0833,5.34,163.4,35.42
1998-09-01,1020.64,16.14,4.81,163.6,33.53
1998-10-01,1032.47,16.1667,4.53,164.0,33.77
1998-11-01,1144.43,16.1833,4.83,164.0,37.37
1998-12-01,1190.05,16.2,4.65,163.9,38.82
1999-01-01,1248.77,16.28333333,4.72,164.3,40.58
1999-02-01,1246.58,16.36666667,5.0,164.5,40.4
1999-03-01,1281.66,16.45,5.23,165.0,41.36
1999-04-01,1334.76,16.45,5.18,166.2,42.7
1999-05-01,1332.07,16.45,5.54,166.2,42.56
1999-06-01,1322.55,16.45,5.9,166.2,42.18
1999-07-01,1380.99,16.513333333333335,5.79,166.7,43.83
1999-08-01,1327.49,16.576666666666668,5.94,167.1,41.93
1999-09-01,1318.17,16.64,5.92,167.9,41.32
1999-10-01,1300.01,16.656666666666666,6.11,168.2,40.55
1999-11-01,1391.0,16.673333333333332,6.03,168.3,43.21
1999-12-01,1428.68,16.69,6.28,168.3,44.2
2000-01-01,1425.59,16.713333333333335,6.66,168.8,43.77
2000-02-01,1388.87,16.736666666666668,6.52,169.8,42.19
2000-03-01,1442.21,16.76,6.26,171.2,43.22
2000-04-01,1461.36,16.740000000000002,5.99,171.3,43.53
2000-05-01,1418.48,16.72,6.44,171.5,41.97
2000-06-01,1461.96,16.7,6.1,172.4,42.78
2000-07-01,1473.0,16.583333333333332,6.05,172.8,42.76
2000-08-01,1485.46,16.46666666666667,5.83,172.8,42.87
2000-09-01,1468.05,16.35,5.8,173.7,41.9
2000-10-01,1390.14,16.323333333333334,5.74,174.0,39.37
2000-11-01,1378.04,16.296666666666667,5.72,174.1,38.78
2000-12-01,1330.93,16.27,5.24,174.0,37.27
2001-01-01,1335.63,16.169999999999998,5.16,175.1,36.98
2001-02-01,1305.75,16.07,5.1,175.8,35.83
2001-03-01,1185.85,15.97,4.89,176.2,32.33
2001-04-01,1189.84,15.876666666666663,5.14,176.9,32.17
2001-05-01,1270.37,15.783333333333331,5.39,177.7,34.07
2001-06-01,1238.71,15.69,5.28,178.0,33.07
2001-07-01,1204.45,15.706666666666669,5.24,177.5,32.16
2001-08-01,1178.5,15.723333333333333,4.97,177.5,31.4
2001-09-01,1044.64,15.74,4.73,178.3,27.67
2001-10-01,1076.59,15.740000000000002,4.57,177.7,28.58
2001-11-01,1129.68,15.740000000000002,4.65,177.4,30.01
2001-12-01,1144.93,15.74,5.09,176.7,30.5
2002-01-01,1140.21,15.736666666666668,5.04,177.1,30.28
2002-02-01,1100.67,15.733333333333334,4.91,177.8,29.09
2002-03-01,1153.79,15.73,5.28,178.8,30.29
2002-04-01,1111.93,15.833333333333332,5.21,179.8,29.01
2002-05-01,1079.25,15.936666666666667,5.16,179.8,28.13
2002-06-01,1014.02,16.04,4.93,179.9,26.39
2002-07-01,903.59,15.96,4.65,180.1,23.46
2002-08-01,912.55,15.88,4.26,180.7,23.59
2002-09-01,867.81,15.8,3.87,181.0,22.37
2002-10-01,854.63,15.89,3.94,181.3,21.96
2002-11-01,909.93,15.98,4.05,181.3,23.35
2002-12-01,899.18,16.07,4.03,180.9,23.1
2003-01-01,895.84,16.119999999999997,4.05,181.7,22.9
2003-02-01,837.03,16.169999999999998,3.9,183.1,21.21
2003-03-01,846.63,16.22,3.81,184.2,21.31
2003-04-01,890.03,16.203333333333333,3.96,183.8,22.43
2003-05-01,935.96,16.186666666666667,3.57,183.5,23.59
2003-06-01,988.0,16.17,3.33,183.7,24.83
2003-07-01,992.54,16.310000000000002,3.98,183.9,24.87
2003-08-01,989.53,16.450000000000003,4.45,184.6,24.64
2003-09-01,1019.44,16.59,4.27,185.2,25.24
2003-10-01,1038.73,16.85666666666667,4.29,185.0,25.68
2003-11-01,1049.9,17.123333333333335,4.3,184.5,25.95
2003-12-01,1080.64,17.39,4.27,184.3,26.64
2004-01-01,1132.52,17.6,4.15,185.2,27.66
2004-02-01,1143.36,17.810000000000002,4.08,186.2,27.65
2004-03-01,1123.98,18.02,3.83,187.4,26.89
2004-04-01,1133.36,18.21333333333333,4.35,188.0,26.9
2004-05-01,1102.78,18.406666666666663,4.72,189.1,25.9
2004-06-01,1132.76,18.6,4.73,189.7,26.4
2004-07-01,1105.85,18.78666666666667,4.5,189.4,25.7
2004-08-01,1088.94,18.973333333333333,4.28,189.5,25.17
2004-09-01,1117.66,19.16,4.13,189.9,25.67
2004-10-01,1117.21,19.25333333333333,4.1,190.9,25.41
2004-11-01,1168.94,19.346666666666668,4.19,191.0,26.47
2004-12-01,1199.21,19.44,4.23,190.3,27.14
2005-01-01,1181.41,19.703333333333333,4.22,190.7,26.59
2005-02-01,1199.63,19.96666666666667,4.17,191.8,26.74
2005-03-01,1194.9,20.23,4.5,193.3,26.34
2005-04-01,1164.43,20.46333333333333,4.34,194.6,25.41
2005-05-01,1178.28,20.696666666666665,4.14,194.4,25.65
2005-06-01,1202.25,20.93,4.0,194.5,26.07
2005-07-01,1222.24,21.11,4.18,195.4,26.29
2005-08-01,1224.27,21.29,4.26,196.4,26.1
2005-09-01,1225.92,21.47,4.2,198.8,25.73
2005-10-01,1191.96,21.72,4.46,199.2,24.88
2005-11-01,1237.37,21.97,4.54,197.6,25.93
2005-12-01,1262.07,22.22,4.47,196.8,26.44
2006-01-01,1278.73,22.406666666666663,4.42,198.3,26.47
2006-02-01,1276.65,22.593333333333334,4.57,198.7,26.25
2006-03-01,1293.74,22.78,4.72,199.8,26.33
2006-04-01,1302.17,23.0,4.99,201.5,26.15
2006-05-01,1290.01,23.22,5.11,202.5,25.65
2006-06-01,1253.17,23.44,5.11,202.9,24.75
2006-07-01,1260.24,23.66,5.09,203.5,24.7
2006-08-01,1287.15,23.88,4.88,203.9,25.05
2006-09-01,1317.74,24.1,4.72,202.9,25.64
2006-10-01,1363.38,24.36,4.73,201.8,26.54
2006-11-01,1388.64,24.62,4.6,201.5,26.93
2006-12-01,1416.42,24.88,4.56,201.8,27.28
2007-01-01,1424.16,25.08333333333333,4.76,202.42,27.21
2007-02-01,1444.8,25.286666666666665,4.72,203.5,27.32
2007-03-01,1406.95,25.49,4.56,205.35,26.23
2007-04-01,1463.64,25.71666666666667,4.69,206.69,26.98
2007-05-01,1511.14,25.94333333333333,4.75,207.95,27.55
2007-06-01,1514.19,26.17,5.1,208.35,27.42
2007-07-01,1520.71,26.440000000000005,5.0,208.3,27.41
2007-08-01,1454.62,26.71,4.67,207.92,26.15
2007-09-01,1497.12,26.98,4.52,208.49,26.73
2007-10-01,1539.66,27.230000000000004,4.53,208.94,27.32
2007-11-01,1463.39,27.480000000000004,4.15,210.18,25.73
2007-12-01,1479.22,27.73,4.1,210.04,25.96
2008-01-01,1378.76,27.92,3.74,211.08,24.02
2008-02-01,1354.87,28.11,3.74,211.69,23.5
2008-03-01,1316.94,28.3,3.51,213.53,22.61
2008-04-01,1370.47,28.436666666666667,3.68,214.82,23.36
2008-05-01,1403.22,28.57333333333333,3.88,216.63,23.7
2008-06-01,1341.25,28.71,4.1,218.81,22.42
2008-07-01,1257.33,28.756666666666668,4.01,219.96,20.91
2008-08-01,1281.47,28.80333333333333,3.89,219.09,21.4
2008-09-01,1216.95,28.85,3.69,218.78,20.36
2008-10-01,968.8,28.696666666666665,3.81,216.57,16.39
2008-11-01,883.04,28.543333333333333,3.53,212.43,15.26
2008-12-01,877.56,28.39,2.42,210.23,15.38
2009-01-01,865.58,28.013333333333332,2.52,211.14,15.17
2009-02-01,805.23,27.63666666666667,2.87,212.19,14.12
2009-03-01,757.13,27.26,2.82,212.71,13.32
2009-04-01,848.15,26.703333333333333,2.93,213.24,14.98
2009-05-01,902.41,26.14666666666667,3.29,213.86,16.0
2009-06-01,926.12,25.59,3.72,215.69,16.38
2009-07-01,935.82,25.026666666666664,3.56,215.35,16.69
2009-08-01,1009.73,24.46333333333333,3.59,215.83,18.09
2009-09-01,1044.55,23.9,3.4,215.97,18.83
2009-10-01,1067.66,23.40333333333333,3.39,216.18,19.36
2009-11-01,1088.07,22.906666666666663,3.4,216.33,19.81
2009-12-01,1110.38,22.41,3.59,215.95,20.32
2010-01-01,1123.58,22.24,3.73,216.69,20.53
2010-02-01,1089.16,22.07,3.69,216.74,19.92
2010-03-01,1152.05,21.9,3.73,217.63,21.0
2010-04-01,1197.32,21.946666666666665,3.85,218.01,21.8
2010-05-01,1125.06,21.99333333333333,3.42,218.18,20.48
2010-06-01,1083.36,22.04,3.2,217.97,19.74
2010-07-01,1079.8,22.14333333333333,3.01,218.01,19.67
2010-08-01,1087.28,22.246666666666663,2.7,218.31,19.77
2010-09-01,1122.08,22.35,2.65,218.44,20.38
2010-10-01,1171.58,22.476666666666667,2.54,218.71,21.24
2010-11-01,1198.89,22.60333333333333,2.76,218.8,21.7
2010-12-01,1241.53,22.73,3.29,219.18,22.4
2011-01-01,1282.62,22.96333333333333,3.39,220.22,22.98
2011-02-01,1321.12,23.196666666666665,3.58,221.31,23.49
2011-03-01,1304.49,23.43,3.41,223.47,22.9
2011-04-01,1331.51,23.73333333333333,3.46,224.91,23.14
2011-05-01,1338.31,24.036666666666665,3.17,225.96,23.06
2011-06-01,1287.29,24.34,3.0,225.72,22.1
2011-07-01,1325.19,24.62,3.0,225.92,22.61
2011-08-01,1185.31,24.9,2.3,226.54,20.05
2011-09-01,1173.88,25.18,1.98,226.89,19.7
2011-10-01,1207.22,25.596666666666664,2.15,226.42,20.16
2011-11-01,1226.42,26.013333333333332,2.01,226.23,20.35
2011-12-01,1243.32,26.43,1.98,225.67,20.52
2012-01-01,1300.58,26.736666666666668,1.97,226.66,21.21
2012-02-01,1352.49,27.043333333333337,1.97,227.66,21.8
2012-03-01,1389.24,27.35,2.17,229.39,22.05
2012-04-01,1386.43,27.67333333333333,2.05,230.09,21.78
2012-05-01,1341.27,27.996666666666663,1.8,229.81,20.94
2012-06-01,1323.48,28.32,1.62,229.48,20.55
2012-07-01,1359.78,28.74333333333333,1.53,229.1,21.0
2012-08-01,1403.45,29.166666666666664,1.68,230.38,21.41
2012-09-01,1443.42,29.59,1.72,231.41,21.78
2012-10-01,1437.82,30.14333333333333,1.75,231.32,21.58
2012-11-01,1394.51,30.696666666666665,1.65,230.22,20.9
2012-12-01,1422.29,31.25,1.72,229.6,21.24
2013-01-01,1480.4,31.536666666666665,1.91,230.28,21.9
2013-02-01,1512.31,31.82333333333333,1.98,232.17,22.05
2013-03-01,1550.83,32.11,1.96,232.77,22.42
2013-04-01,1570.7,32.49666666666667,1.76,232.53,22.6
2013-05-01,1639.84,32.88333333333334,1.93,232.94,23.41
2013-06-01,1618.77,33.27,2.3,233.5,22.93
2013-07-01,1668.68,33.64666666666667,2.58,233.6,23.49
2013-08-01,1670.09,34.02333333333333,2.74,233.88,23.36
2013-09-01,1687.17,34.4,2.81,234.15,23.44
2013-10-01,1720.03,34.596666666666664,2.62,233.55,23.83
2013-11-01,1783.54,34.79333333333334,2.72,233.07,24.64
2013-12-01,1807.78,34.99,2.9,233.05,24.86
2014-01-01,1822.36,35.403333333333336,2.86,233.92,24.86
2014-02-01,1817.04,35.81666666666666,2.71,234.78,24.59
2014-03-01,1863.52,36.23,2.72,236.29,24.96
2014-04-01,1864.26,36.61333333333333,2.71,237.07,24.79
2014-05-01,1889.77,36.99666666666667,2.56,237.9,24.94
2014-06-01,1947.09,37.38,2.6,238.34,25.56
2014-07-01,1973.1,37.75,2.54,238.25,25.82
2014-08-01,1961.53,38.120000000000005,2.42,237.85,25.62
2014-09-01,1993.23,38.49,2.53,238.03,25.92
2014-10-01,1937.27,38.806666666666665,2.3,237.43,25.16
2014-11-01,2044.57,39.123333333333335,2.33,236.15,26.61
2014-12-01,2054.27,39.44,2.21,234.81,26.79
2015-01-01,2028.18,39.89666666666667,1.88,233.71,26.49
2015-02-01,2082.2,40.35333333333333,1.98,234.72,27.0
2015-03-01,2079.99,40.81,2.04,236.12,26.73
2015-04-01,2094.86,41.120000000000005,1.94,236.6,26.79
2015-05-01,2111.94,41.43,2.2,237.81,26.81
2015-06-01,2099.29,41.74,2.36,238.64,26.5
2015-07-01,2094.14,41.99666666666667,2.32,238.65,26.38
2015-08-01,2039.87,42.25333333333333,2.17,238.32,25.69
2015-09-01,1944.41,42.51,2.17,237.94,24.5
2015-10-01,2024.81,42.803333333333335,2.07,237.84,25.49
2015-11-01,2080.62,43.09666666666666,2.26,237.34,26.23
2015-12-01,2054.08,43.39,2.24,236.53,25.97
2016-01-01,1918.6,43.553333333333335,2.09,236.92,24.21
2016-02-01,1904.42,43.71666666666667,1.78,237.11,24.0
2016-03-01,2021.95,43.88,1.89,238.13,25.37
2016-04-01,2075.54,44.07333333333334,1.81,239.26,25.92
2016-05-01,2065.55,44.266666666666666,1.81,240.23,25.69
2016-06-01,2083.89,44.46,1.64,241.02,25.84
2016-07-01,2148.9,44.65,1.5,240.63,26.69
2016-08-01,2170.95,44.84,1.56,240.85,26.95
2016-09-01,2157.69,45.03,1.63,241.43,26.73
2016-10-01,2143.02,45.25333333333333,1.76,241.73,26.53
2016-11-01,2164.99,45.47666666666667,2.14,241.35,26.85
2016-12-01,2246.63,45.7,2.49,241.43,27.87
2017-01-01,2275.12,45.92666666666667,2.43,242.84,28.06
2017-02-01,2329.91,46.153333333333336,2.42,243.6,28.66
2017-03-01,2366.82,46.38,2.48,243.8,29.09
2017-04-01,2359.31,46.66,2.3,244.52,28.9
2017-05-01,2395.35,46.94,2.3,244.73,29.31
2017-06-01,2433.99,47.22,2.19,244.96,29.75
2017-07-01,2454.1,47.53666666666667,2.32,244.79,30.0
2017-08-01,2456.22,47.85333333333334,2.21,245.52,29.91
2017-09-01,2492.84,48.17,2.2,246.82,30.17
2017-10-01,2557.0,48.42333333333333,2.36,246.66,30.92
2017-11-01,2593.61,48.67666666666666,2.35,246.67,31.3
2017-12-01,2664.34,48.93,2.4,246.52,32.09
2018-01-01,2789.8,49.28666666666666,2.58,247.87,33.31
2018-02-01,2705.16,49.64333333333333,2.86,248.99,32.04
2018-03-01,2702.77,50.0,2.84,249.55,31.81
2018-04-01,2653.63,50.33,2.87,250.55,30.97
2018-05-01,2701.49,50.66,2.98,251.59,31.24
2018-06-01,2754.35,50.99,2.91,251.99,31.63
2018-07-01,2793.64,51.44,2.89,252.01,31.89
2018-08-01,2857.82,51.89,2.89,252.15,32.39
2018-09-01,2901.5,52.34,3.0,252.44,32.62
2018-10-01,2785.46,52.81,3.15,252.88,31.04
2018-11-01,2723.23,53.28,3.12,252.04,30.2
2018-12-01,2567.31,53.75,2.83,251.23,28.29
2019-01-01,2607.39,54.14666666666667,2.71,251.71,28.38
2019-02-01,2754.86,54.54333333333334,2.68,252.78,29.54
2019-03-01,2803.98,54.94,2.57,254.2,29.58
2019-04-01,2903.8,55.31909158059271,2.53,255.55,30.13
2019-05-01,2854.71,55.69818316118541,2.4,256.09,29.24
2019-06-01,2890.17,56.07727474177812,2.06,256.14,29.28
2019-07-01,2996.1136363636365,56.45818316118542,1.63,256.57,29.99
2019-08-01,2897.498181818182,56.83909158059271,1.63,256.56,28.71
2019-09-01,2982.156,57.22,1.7,256.76,29.23
2019-10-01,2977.68,57.56,1.71,257.35,28.84
2019-11-01,3104.9045,57.900000000000006,1.81,257.21,29.84
2019-12-01,3176.7495238095235,58.24,1.86,256.97,30.33
2020-01-01,3278.2028571428577,58.686867862126704,1.76,257.97,30.99
2020-02-01,3277.3142105263164,59.13373572425341,1.5,258.68,30.73
2020-03-01,2652.3936363636367,59.58060358638012,0.87,258.12,24.82
2020-04-01,2761.975238095238,59.61373572425342,0.66,256.39,25.93
2020-05-01,2919.615,59.64686786212671,0.67,256.39,27.33
2020-06-01,3104.6609090909087,59.68,0.73,257.8,28.84
2020-07-01,3207.6190909090906,59.403333333333336,0.62,259.1,29.6
2020-08-01,3391.71,59.126666666666665,0.65,259.92,31.16
2020-09-01,3365.5166666666664,58.85,0.68,260.28,30.84
2020-10-01,3418.701363636364,58.65961537867005,0.79,260.39,31.28
2020-11-01,3548.992500000001,58.469230757340114,0.87,260.23,32.47
2020-12-01,3695.31,58.27884613601017,0.93,260.47,33.77
2021-01-01,3793.748421052632,58.06369311230766,1.08,261.58,34.51
2021-02-01,3883.4321052631576,57.84854008860516,1.26,263.01,35.1
2021-03-01,3910.5082608695648,57.63338706490265,1.61,264.88,35.04
2021-04-01,4141.176190476191,57.71060542140715,1.64,267.05,36.72
2021-05-01,4167.849500000001,57.787823777911655,1.62,269.19,36.55
2021-06-01,4238.489545454546,57.86504213441615,1.52,271.7,36.7
2021-07-01,4363.7128571428575,58.32818900579217,1.32,273.0,37.44
2021-08-01,4454.206363636363,58.79133587716819,1.28,273.57,37.97
2021-09-01,4445.543333333333,59.254482748544206,1.37,274.31,37.62
2021-10-01,4460.707142857143,59.63536092649366,1.58,276.59,37.25
2021-11-01,4667.386666666667,60.01623910444312,1.56,277.95,38.58
2021-12-01,4674.772727272726,60.397117282392585,1.47,278.8,38.3
2022-01-01,4573.8155,60.921402962953294,1.76,281.15,36.94
2022-02-01,4435.980526315789,61.44568864351402,1.93,283.72,35.29
2022-03-01,4391.265217391306,61.969974324074734,2.13,287.5,34.27
2022-04-01,4391.295999999999,62.65331621604982,2.75,289.11,33.89
2022-05-01,4040.36,63.336658108024906,2.9,292.3,30.67
2022-06-01,3898.946666666668,64.02,3.14,296.31,29.05
2022-07-01,3911.729499999999,64.4527684478357,2.9,296.28,29.0
2022-08-01,4158.5630434782615,64.8855368956714,2.9,296.17,30.7
2022-09-01,3850.520476190475,65.31830534350709,3.52,296.81,28.23
2022-10-01,3726.050952380952,65.85220356233806,3.98,298.01,27.08
2022-11-01,3917.488571428571,66.38610178116903,3.89,297.71,28.38
2022-12-01,3912.380952380953,66.92,3.62,296.8,28.32
2023-01-01,3960.6565,67.35,3.53,299.17,28.33
2023-02-01,4079.684736842105,67.78,3.75,300.84,28.92
2023-03-01,3968.559130434783,68.21,3.66,301.67,27.95
2023-04-01,4121.467368421053,68.37666666666667,3.46,303.36,28.76
2023-05-01,4146.173181818183,68.54333333333332,3.57,304.13,28.76
2023-06-01,4345.372857142857,68.71,3.75,305.11,29.94
2023-07-01,4508.075500000001,0.0,3.9,305.69,30.89
2023-08-01,4457.358695652174,0.0,4.17,305.98,30.47
2023-09-01,4515.77,0.0,4.09,306.13,30.81
2023-10-01,4269.4,0.0,0.0,0.0,0.0
2023-11-01,4460.06,0.0,0.0,0.0,0.0
2023-12-01,4685.05,0.0,0.0,0.0,0.0
2024-01-01,4804.49,0.0,0.0,0.0,0.0
2024-02-01,5011.96,0.0,0.0,0.0,0.0
2024-03-01,5170.57,0.0,0.0,0.0,0.0
2024-04-01,5112.49,0.0,0.0,0.0,0.0
2024-05-01,5235.23,0.0,0.0,0.0,0.0
2024-06-01,5415.14,0.0,0.0,0.0,0.0
2024-07-01,5538.0,0.0,0.0,0.0,0.0
2024-08-01,5478.21,0.0,0.0,0.0,0.0
2024-09-01,5621.26,0.0,0.0,0.0,0.0
2024-10-01,5792.32,0.0,0.0,0.0,0.0
2024-11-01,5929.92,0.0,0.0,0.0,0.0
2024-12-01,6010.91,0.0,0.0,0.0,0.0
2025-01-01,5979.52,0.0,0.0,0.0,0.0
2025-02-01,6038.69,0.0,0.0,0.0,0.0
2025-03-01,5683.98,0.0,0.0,0.0,0.0
2025-04-01,5369.5,0.0,0.0,0.0,0.0
2025-05-01,5810.92,0.0,0.0,0.0,0.0
2025-06-01,6029.95,0.0,0.0,0.0,0.0
2025-07-01,6296.5,0.0,0.0,0.0,0.0
2025-08-01,6408.95,0.0,0.0,0.0,0.0
2025-09-01,6584.02,0.0,0.0,0.0,0.0
2025-10-01,6735.69,0.0,0.0,0.0,0.0
2025-11-01,6740.89,0.0,0.0,0.0,0.0
2025-12-01,6853.03,0.0,0.0,0.0,0.0
2026-01-01,6929.12,0.0,0.0,0.0,0.0
2026-02-01,6893.81,0.0,0.0,0.0,0.0
2026-03-01,6654.42,0.0,0.0,0.0,0.0
2026-04-01,6957.01,0.0,0.0,0.0,0.0
2026-05-01,7412.55,0.0,0.0,0.0,0.0
2026-06-01,7450.03,0.0,0.0,0.0,0.0
2026-07-01,7481.34,0.0,0.0,0.0,0.0
2026-08-01,7711.32,0.0,0.0,0.0,0.0
